"","aaSeqCDR3","N"
"1","CQQSYSTPYTF",30
"2","CMQALQTPYTF",30
"3","CQQSYSTPLTF",30
"4","CQQYNNWPLTF",30
"5","CQQYGSSPLTF",30
"6","CQQRSNWPLTF",30
"7","CQQYGSSPQTF",30
"8","CMQALQTPLTF",30
"9","CQQYNNWPPWTF",30
"10","CQQYNNWPRTF",30
"11","CQQYNSYPLTF",30
"12","CQQSYSTPRTF",29
"13","CQQANSFPLTF",29
"14","CAAWDDSLNGWVF",29
"15","CQQYGSSPWTF",29
"16","CMQALQTPWTF",29
"17","CMQATQFPRTF",29
"18","CAAWDDSLSGWVF",29
"19","CQQRSNWPPLTF",29
"20","CSSYTSSSTLVF",29
"21","CQQYYSTPWTF",29
"22","CGTWDSSLSAGVF",29
"23","CQQYNNWPPLTF",29
"24","CQQYGSSPRTF",29
"25","CQQYYSTPRTF",29
"26","CQQRSNWPPTF",29
"27","CQAWDSSTVVF",29
"28","CQQYNSYPWTF",29
"29","CQQRSNWPPITF",28
"30","CMQGTHWPYTF",28
"31","CSSYTSSSTWVF",28
"32","CAAWDDSLNGPVF",28
"33","CQQYNSYSWTF",28
"34","CLQHNSYPRTF",28
"35","CQQANSFPITF",28
"36","CQQSYSTPFTF",28
"37","CQQSYSTPWTF",28
"38","CMQGTHWPRTF",28
"39","CLQHNSYPWTF",28
"40","CQQYNSYWTF",28
"41","CQQYYSTPLTF",28
"42","CQQYDNLPLTF",28
"43","CMQALQTPRTF",28
"44","CMQALQTPITF",28
"45","CQQYGSSLTF",28
"46","CQQYGSSPYTF",27
"47","CQQANSFPYTF",27
"48","CQQYYSTPYTF",27
"49","CLQHNSYPLTF",27
"50","CQQYNNWPPITF",27
"51","CSSYTSSSTYVF",27
"52","CQSYDSSLSGWVF",27
"53","CQQYNSYPYTF",27
"54","CNSRDSSGNHVVF",27
"55","CMQALQTPFTF",27
"56","CQQYYSTPPTF",27
"57","CMQALQTPPTF",27
"58","CQQSYSTPPTF",27
"59","CQSYDSSLSGYVF",26
"60","CQQLNSYPLTF",26
"61","CMIWHSSAWVF",26
"62","CQQYNSYSRTF",26
"63","CQVWDSSSDHVVF",26
"64","CCSYAGSYTYVF",26
"65","CSSYAGSNNLVF",26
"66","CQQYGSSPGTF",26
"67","CQQYNSYSTF",26
"68","CQKYNSAPLTF",26
"69","CQQYGSSPITF",26
"70","CQQYGSSRTF",26
"71","CAAWDDSLNGVVF",26
"72","CMQGTHWPPTF",26
"73","CCSYAGSSTWVF",26
"74","CAAWDDSLSGVVF",25
"75","CAAWDDSLNGYVF",25
"76","CGTWDSSLSAVVF",25
"77","CSSYTSSSTVVF",25
"78","CQQLNSYPRTF",25
"79","CMQATQFPLTF",25
"80","CQSYDSSLSGSVF",25
"81","CQQYGSSPPYTF",25
"82","CVLYMGSGIWVF",25
"83","CQQYNNWPWTF",25
"84","CQQYYSTPFTF",25
"85","CQAWDSSTAVF",25
"86","CQQYDNLPYTF",25
"87","CQQRSNWLTF",25
"88","CQQYNNWPPYTF",25
"89","CQQRSNWPPWTF",25
"90","CMQGTHWPWTF",25
"91","CQQYGSSPFTF",25
"92","CQQYDNLPITF",25
"93","CQKYNSAPFTF",25
"94","CSSYTSSSTRVF",25
"95","CQQYGSSPPWTF",25
"96","CQQYYSSPLTF",25
"97","CQKYNSAPWTF",25
"98","CQQYYSTPQTF",24
"99","CAAWDDSLNGRVF",24
"100","CMQGTHWPPYTF",24
"101","CLQDYNYPRTF",24
"102","CQQYGSSPPLTF",24
"103","CCSYAGSSTYVF",24
"104","CAAWDDSLSGPVF",24
"105","CQQRSSWPLTF",24
"106","CQQSYSTLWTF",24
"107","CQQSYSTPITF",24
"108","CQKYNSAPRTF",24
"109","CQQYGSSPTF",24
"110","CQQYYTTPLTF",24
"111","CQQANSFPFTF",24
"112","CMQGTHWPLTF",23
"113","CQSADSSGTYVVF",23
"114","CGTWDSSLSAWVF",23
"115","CMQALQTPTF",23
"116","CQVWDSSSDHYVF",23
"117","CQQANSFPWTF",23
"118","CMQATQFPYTF",23
"119","CMQGLQTPYTF",23
"120","CQQYGSSPPTF",23
"121","CMQATQFPWTF",23
"122","CNSRDSSGNHLVF",23
"123","CQQSYSTPQTF",23
"124","CMQSIQLPLTF",23
"125","CQQSYSTPPWTF",23
"126","CLQDYNYPWTF",22
"127","CCSYAGSYTLVF",22
"128","CQQRSNWPRTF",22
"129","CQTWGTGIQVF",22
"130","CQQYNNWPYTF",22
"131","CNSRDSSGNHWVF",22
"132","CQQYNSYSYTF",22
"133","CQQYGSSPLFTF",22
"134","CQQYNSYPITF",22
"135","CQQRSNWPTF",22
"136","CCSYAGSYTWVF",22
"137","CQQYGTSPWTF",22
"138","CQQSYTTPRTF",22
"139","CQVWDSSSDHWVF",22
"140","CQAWDSSTGVF",22
"141","CQSADSSGTYVF",21
"142","CMQGTHWPPWTF",21
"143","CQQYYSYPLTF",21
"144","CQQYDNLPFTF",21
"145","CQQLNSYPITF",21
"146","CQQYNTYPWTF",21
"147","CQQYGSSPPITF",21
"148","CQQANSFPPTF",21
"149","CQQYGRSPLTF",21
"150","CQQYGTSPRTF",21
"151","CQSADSSGTYWVF",21
"152","CCSYAGSSTLVF",21
"153","CQQRSNWPWTF",21
"154","CQQYDNLPPTF",21
"155","CQQANSFPRTF",21
"156","CQQRSNWPITF",21
"157","CQSADSSGTWVF",21
"158","CQAWDSSTYVF",21
"159","CQQYGSSLWTF",20
"160","CQQYNNWPPVTF",20
"161","CQQYNNWWTF",20
"162","CGTWDSSLSVVVF",20
"163","CLQHNSYPYTF",20
"164","CLQDYNYPYTF",20
"165","CQQYNSYPFTF",20
"166","CQQSYSTPTF",20
"167","CQQSYSTLTF",20
"168","CSSYAGSNNYVF",20
"169","CQQSYSSPLTF",20
"170","CQQYNNWPQTF",20
"171","CQQYKSYPLTF",20
"172","CMQALQTRTF",20
"173","CQQYGSSSWTF",20
"174","CQTWGTGIRVF",20
"175","CMQGTHWPFTF",20
"176","CGTWDSSLSAYVF",20
"177","CQQYNSYSPLTF",20
"178","CQQSYNTPRTF",20
"179","CAAWDDSLSGYVF",20
"180","CLQDYNYPLTF",20
"181","CQQYGSSPVTF",19
"182","CQQYGSSPLYTF",19
"183","CQQYGTSPLTF",19
"184","CQQRSNWPPFTF",19
"185","CMQGTHWPPITF",19
"186","CQQYGSSPSTF",19
"187","CQQYDSYPLTF",19
"188","CQQYYTTPYTF",19
"189","CMQALQTPGTF",19
"190","CSSYTSSSTLVVF",19
"191","CQQYDSSPRTF",19
"192","CQQSYTTPYTF",19
"193","CQQYNSYPRTF",19
"194","CMQALQTPHTF",19
"195","CQQYYTTPRTF",19
"196","CSSYTSSSTLYVF",19
"197","CMQALQTPPWTF",19
"198","CQQYYNTPLTF",19
"199","CQQSYSIPRTF",19
"200","CAAWDDSLSGRVF",19
"201","CMQALQTPQTF",19
"202","CQQRSNWPPYTF",19
"203","CSSYTSSSTLEVF",19
"204","CQQYYSYPYTF",18
"205","CQQYGGSPLTF",18
"206","CYSTDSSGNHRVF",18
"207","CQQADSFPLTF",18
"208","CQQYNTYPLTF",18
"209","CQQYNSYSLTF",18
"210","CMQGLQTPRTF",18
"211","CQQYNSYYTF",18
"212","CATWDDSLNGWVF",18
"213","CQQYYSSPWTF",18
"214","CQQSYSSPRTF",18
"215","CQSYDSSLSGVVF",18
"216","CQQYNNWPPFTF",18
"217","CQQYYSYPRTF",18
"218","CQQSYSTPHTF",18
"219","CQQYNSYLYTF",18
"220","CLLYYGGAWVF",18
"221","CQQSYTTPLTF",18
"222","CMQATQFPHTF",18
"223","CQQYDNLPTF",18
"224","CQQYYSTPITF",18
"225","CQSADSSGTYRVF",18
"226","CAAWDDSLNGLVF",18
"227","CQQYGTSPFTF",18
"228","CMQTLQTPLTF",18
"229","CALWEVQELGKKIKVF",17
"230","CHQYGSSPRTF",17
"231","CQQFNSYPLTF",17
"232","CNSRDSSGNHYVF",17
"233","CSSYTSSSTLGVF",17
"234","CQQYNKWPLTF",17
"235","CQQYNSYPPTF",17
"236","CQQYYSTPTF",17
"237","CQQRSNWPFTF",17
"238","CQQYYSSPYTF",17
"239","CQQYDDLPLTF",17
"240","CQQYNNWPTF",17
"241","CQQYYSIPLTF",17
"242","CQQYGSSFTF",17
"243","CSAWDSSLSAWVF",17
"244","CQQYNDWPPLTF",17
"245","CQQYNNWPGTF",17
"246","CQQYGSSLLTF",17
"247","CLQHNSYPPTF",17
"248","CAAWDDSLNAWVF",17
"249","CMQALQTLTF",17
"250","CQVWDSSSDHRVF",17
"251","CQQSYSSPYTF",17
"252","CQQYGNSPLTF",17
"253","CLQHDNFPYTF",17
"254","CQQYNNWPFTF",17
"255","CQQYGSSPMYTF",17
"256","CMQATHWPYTF",17
"257","CMQALQTWTF",17
"258","CQQYNDWPRTF",17
"259","CQQSYSAPLTF",16
"260","CQQYYSYPWTF",16
"261","CQQYNTYSRTF",16
"262","CQVWDSSSDHPVF",16
"263","CQAWDSSTYVVF",16
"264","CQQSYTTPFTF",16
"265","CSSYTSSNTLVF",16
"266","CQQYYNTPYTF",16
"267","CQQYYNTPRTF",16
"268","CQQRSDWPLTF",16
"269","CQQSYSIPWTF",16
"270","CLLSYSGARVF",16
"271","CQQYNSYSPWTF",16
"272","CQQYNSYSPYTF",16
"273","CMQALQTPPYTF",16
"274","CQQYNTYWTF",16
"275","CVLYMGSGISVF",16
"276","CQQYGSSPETF",16
"277","CQQYGSSRWTF",16
"278","CQQSYSIPLTF",16
"279","CMQRIEFPYTF",16
"280","CQQYGSSVTF",16
"281","CQQSYSTPPITF",16
"282","CQQSYSTPPLTF",16
"283","CQQYNDWPLTF",16
"284","CQQTYSTPLTF",16
"285","CQQSYNTPLTF",16
"286","CQQSYTTPWTF",16
"287","CQTWGTGIVVF",16
"288","CYSTDSSGNHWVF",16
"289","CQQYNSYSGTF",16
"290","CQQSYSTPGTF",16
"291","CQQSYSIPYTF",16
"292","CQQSYSTPLYTF",15
"293","CQQSYSSPWTF",15
"294","CQSYDSSLSGRVF",15
"295","CMQGLQTPLTF",15
"296","CQQSYSTPPYTF",15
"297","CQQSYSTLYTF",15
"298","CQQYNSSPWTF",15
"299","CQQYDNLLTF",15
"300","CSSYTSSSTPYVF",15
"301","CQQYGSSPRYTF",15
"302","CQQYGSSLFTF",15
"303","CQQYNNWPPTF",15
"304","CQQYNNWPITF",15
"305","CQQYNSYPVTF",15
"306","CQQRSNWWTF",15
"307","CQQRNNWPLTF",15
"308","CAAWDDSLNGHVVF",15
"309","CQSYDSSNQVF",15
"310","CQAWDSSTPYVF",15
"311","CHQYGSSPQTF",15
"312","CQQYGTSPYTF",15
"313","CQQYDNLPRTF",15
"314","CQQYDNLPWTF",15
"315","CQQYDTYPLTF",15
"316","CQQYDNLPPLTF",15
"317","CQQSYSTPVTF",15
"318","CQQYGSSPPVTF",15
"319","CYSTDSSGNHRGVF",15
"320","CQQSYSTLFTF",15
"321","CQQYNSYSPTF",15
"322","CQQYNDWPPITF",15
"323","CQQSYSSPPTF",15
"324","CATWDDSLNGPVF",15
"325","CQQYDNLPPYTF",14
"326","CQAWDSSIVVF",14
"327","CQSYDSSLSAYVF",14
"328","CQAWDSSTAVVF",14
"329","CCSYAGSYSYVF",14
"330","CQQYGNSPWTF",14
"331","CMQALQTLFTF",14
"332","CQQRSNWITF",14
"333","CQAWDSSTVF",14
"334","CQQYNNWPMYTF",14
"335","CQHYGSSPYTF",14
"336","CQQYYTTPWTF",14
"337","CLLSYSGAWVF",14
"338","CQQYDSYPWTF",14
"339","CQQYGSSYTF",14
"340","CQSYDSSLSGSRVF",14
"341","CAAWDDSLNAVVF",14
"342","CQQYDNVPLTF",14
"343","CQQSYSSPFTF",14
"344","CQQSYSTRTF",14
"345","CQQYYSSPPTF",14
"346","CMQATQFPITF",14
"347","CQQRSNWPVTF",14
"348","CQQLNSYPFTF",14
"349","CQQSYSTLLTF",14
"350","CCSYAGSSTFVF",14
"351","CQAWDSSTHVVF",14
"352","CQAWDSSTFYVF",14
"353","CQQYNNWLTF",14
"354","CQAWDSSVVF",14
"355","CQSYDSSLSVVF",14
"356","CQQTYSTPWTF",14
"357","CQQLNTYPLTF",14
"358","CQAWDSNTVVF",14
"359","CQQYYRTPLTF",14
"360","CLQHNTYPWTF",14
"361","CMQRIEFPWTF",14
"362","CQKYDSAPLTF",14
"363","CQQSYSAPRTF",13
"364","CASWDDSLNGWVF",13
"365","CQQYYTTPPTF",13
"366","CMQALQSPRTF",13
"367","CQQYYSFPWTF",13
"368","CQQYHSYPWTF",13
"369","CSSYTSSSTLWVF",13
"370","CQQYYSAPLTF",13
"371","CQQYDSYPYTF",13
"372","CLQHDNFPLTF",13
"373","CLQDYNYPFTF",13
"374","CQQYNNWPPMYTF",13
"375","CLQDYSYPWTF",13
"376","CQQYYSTPHTF",13
"377","CQVWDSSTVVF",13
"378","CETWDSNTRVF",13
"379","CQQYDTYPWTF",13
"380","CQQYGSSPKTF",13
"381","CQQRGNWPLTF",13
"382","CQQRSNWPGTF",13
"383","CQQYDSSPWTF",13
"384","CCSYAGTYTWVF",13
"385","CQSYDSSNVVF",13
"386","CQQYGRSPWTF",13
"387","CQQYGNSPRTF",13
"388","CQQRSNWPYTF",13
"389","CQQSHSTPLTF",13
"390","CMQALQTLYTF",13
"391","CATWDDSLSGPVF",13
"392","CQQSYSTPRSF",13
"393","CQQSYNTPWTF",13
"394","CQQYNDYPWTF",13
"395","CQQYNSYPCSF",13
"396","CMQGSHWPYTF",13
"397","CQQYD_ISLTF",13
"398","CLQHNSYPFTF",13
"399","CQQSYSTSWTF",13
"400","CQSADSSGTVVF",13
"401","CQVWDSSSDHPGVF",13
"402","CGADHGSGSNFVYVF",13
"403","CQQSYSTPLFTF",13
"404","CQQRYNWPLTF",13
"405","CMQGTHWPPLTF",13
"406","CSSYTSSSPYVF",13
"407","CQQYGSSLYTF",13
"408","CQQSYSAPYTF",13
"409","CMQGTHWPITF",13
"410","CQSYDSSLSGSGVF",13
"411","CQQFDNLPLTF",13
"412","CQQTYSTPRTF",13
"413","CMQGLETPYTF",13
"414","CQQRSNWLLTF",13
"415","CQQSYSTWTF",13
"416","CQQYNSYRTF",13
"417","CQQYGSSSLTF",13
"418","CQSYDSSLSAWVF",13
"419","CHQSSSLPYTF",13
"420","CHQSSSLPLTF",13
"421","CGTWDNSLSAGVF",12
"422","CQQSYSFPWTF",12
"423","CQQYNNWLWTF",12
"424","CAAWDDSLSGHVVF",12
"425","CSSYAGSNNVVF",12
"426","CQQYASSPRTF",12
"427","CQQTYSTPYTF",12
"428","CQQSYTTPPTF",12
"429","CQSYDSSNHVVF",12
"430","CQQYYSFPLTF",12
"431","CQQSFSTPLTF",12
"432","CQQSYNTPYTF",12
"433","CQQYGRTF",12
"434","CQQYYSLPLTF",12
"435","CLQHNTYPLTF",12
"436","CQKYNSAPQTF",12
"437","CMQSLQTPLTF",12
"438","CQQYGSSSYTF",12
"439","CQQYGRSPRTF",12
"440","CATWDDSLNGYVF",12
"441","CQQYDSLPLTF",12
"442","CQQLNSYPYTF",12
"443","CAAWDDSLNGHVF",12
"444","CCSYAGSYTFVVF",12
"445","CQQYNKWPPLTF",12
"446","CQQYNSWPRTF",12
"447","CQSADSSGTSVVF",12
"448","CQQYNNWPLWTF",12
"449","CQQAHSFPLTF",12
"450","CQQSYITPLTF",12
"451","CQQSYSTLRTF",12
"452","CQQYGSSITF",12
"453","CQQYYSTPPLTF",12
"454","CQQRSNWPPSF",12
"455","CQQRSNWPLLTF",12
"456","CSSYTTSSTLVF",12
"457","CQTWGTGIWVF",12
"458","CETWDSNTWVF",12
"459","CQQAKSFPLTF",12
"460","CQQYYSTPCSF",12
"461","CQAWDSSTAWVF",12
"462","CQAWDSSTAYVF",12
"463","CQQTNSFPLTF",12
"464","CNSRDSSGNHRVF",12
"465","CQQYGSSPPFTF",12
"466","CQQYYSTPPYTF",12
"467","CQQSYSTPALTF",12
"468","CQQYDNLPPFTF",12
"469","CCSYAGSSTVVF",12
"470","CQQYGSSPRITF",12
"471","CLLYYGGAQVF",12
"472","CCSYAGSSTFVVF",12
"473","CNSRDSSGNHLGVF",12
"474","CQQRSNWPPALTF",12
"475","CATWDDSLSGWVF",12
"476","CQQYYSAPYTF",12
"477","CQQRTNWPLTF",12
"478","CQQLNSYPWTF",12
"479","CQKYNSAPYTF",12
"480","CMQGLQTPFTF",12
"481","CQQYYNTPWTF",12
"482","CQQYDTSPRTF",12
"483","CQQYNNWPLYTF",12
"484","CQQYENLPLTF",12
"485","CQAWDSNTAVF",12
"486","CQKYNSVPLTF",12
"487","CMQALQIPYTF",12
"488","CATWDDSLNGVVF",12
"489","CQQYDNWPPLTF",12
"490","CQSADSSGTSWVF",12
"491","CMQATHFPRTF",12
"492","CQQSYRTPLTF",12
"493","CQQYNDWPPWTF",12
"494","CQQSYGTPLTF",12
"495","CQQYGNSPYTF",12
"496","CHQSSSLPQTF",12
"497","CQQTYSTPFTF",12
"498","CQQYNGYSRTF",12
"499","CQQYGSSPNTF",12
"500","CQQYNSFPYTF",12
"501","CQQRSNWLFTF",11
"502","CQQSYRTPYTF",11
"503","CQQYNTYPYTF",11
"504","CAAWDDSLNGFVF",11
"505","CCSYAGRYTYVF",11
"506","CQQSYSPPYTF",11
"507","CSSYTTSSTWVF",11
"508","CQSADSSGTYYVF",11
"509","CQQYGSSPRWTF",11
"510","CQQYDNLPPITF",11
"511","CQQRSNWPQTF",11
"512","CQQYYSAPWTF",11
"513","CQQYYRTPYTF",11
"514","CQQYHSYPLTF",11
"515","CMIWHSSAVVF",11
"516","CLLYYGGAYVF",11
"517","CQQYYSTPVTF",11
"518","CQQYGGSPWTF",11
"519","CQAWDSSSVVF",11
"520","CQQFNSYPITF",11
"521","CQQYNKWPRTF",11
"522","CQQYNSYLWTF",11
"523","CQQYNSYSQTF",11
"524","CQQYNNWYTF",11
"525","CQQYGSSPF",11
"526","CMQALETPYTF",11
"527","CQQYYSFPRTF",11
"528","CQQGNSFPLTF",11
"529","CMQATQYPRTF",11
"530","CQQYYGTPLTF",11
"531","CQQYNSFPWTF",11
"532","CAAWDDSLNGLYVF",11
"533","CAVWDDSLNGWVF",11
"534","CQQYGSSSITF",11
"535","CQQYGSSPTWTF",11
"536","CMQALQTPVTF",11
"537","CSSYTSSSTLDVF",11
"538","CQAWDSSTDVVF",11
"539","CQAWDSSTARVF",11
"540","CHQSSSLPWTF",11
"541","CQVWDSSSDHPVVF",11
"542","CQQYYSYPFTF",11
"543","CQQSYSTPPFTF",11
"544","CMQGTHWPGTF",11
"545","CQQRSNWPPLFTF",11
"546","CGTWDSSLSVGVF",11
"547","CQQYYSYPPTF",11
"548","CMQATQFPQTF",11
"549","CAAWDDSLSAWVF",11
"550","CQSYDSSLSAVVF",11
"551","CGTWDSSLSVWVF",11
"552","CQQRSNWPLYTF",11
"553","CMQRIEFPLTF",11
"554","CMQALQTPLF",11
"555","CQQYNNWPPRYTF",11
"556","CQQRSNWPPGYTF",11
"557","CQSYDSSLSASVF",11
"558","CLQDYNFPWTF",11
"559","CQQYYTTPQTF",11
"560","CAAWDDSLNAYVF",11
"561","CMQGTHWPPAF",11
"562","CQQSYRTPRTF",11
"563","CMQATEFPRTF",11
"564","CQVWDSSSDHPYVF",11
"565","CQQSYSPPWTF",11
"566","CCSYAGSNTYVF",11
"567","CHQYGSSPYTF",11
"568","CQQYHSSPLTF",11
"569","CQQYHNWPPLTF",11
"570","CMQATHWPPTF",11
"571","CQQYDNFPLTF",11
"572","CMQGLQTPITF",10
"573","CATWDG_YKKLF",10
"574","CQQSNSFPLTF",10
"575","CATWDDSLSGVVF",10
"576","CCSYAGSSTFYVF",10
"577","CQQYDNWPPWTF",10
"578","CQQYSNWPRTF",10
"579","CAAWDDSLNGFYVF",10
"580","CLQHNTYPRTF",10
"581","CQQYGSSQWTF",10
"582","CQQYNSWPLTF",10
"583","CQQSHSTPRTF",10
"584","CMQGLQTPPTF",10
"585","CMQATDFPRTF",10
"586","CQQYNTYSWTF",10
"587","CQQYNYWPLTF",10
"588","CQQYNDWPYTF",10
"589","CNSRDSSGNVVF",10
"590","CSSYTSSTTLVF",10
"591","CQQSYSIPFTF",10
"592","CQQSYNIPRTF",10
"593","CQQYYSIPWTF",10
"594","CMQSIQLPYTF",10
"595","CAAWDDSLSGPWVF",10
"596","CQQYSSYPLTF",10
"597","CAAWDDSLNGVLF",10
"598","CLQDYSYPRTF",10
"599","CSSYTTSSTYVF",10
"600","CQSYDSSLSGSVVF",10
"601","CQQYYDTPYTF",10
"602","CQQYSSSPWTF",10
"603","CQQYGSSWTF",10
"604","CCSYAGSYTLYVF",10
"605","CQQYNSYSITF",10
"606","CATWDG_YYKKLF",10
"607","CQQYYTYPYTF",10
"608","CMQALEPPYTF",10
"609","CQQSYSTPPMYTF",10
"610","CQQYHNWPPWTF",10
"611","CQHYGSSPLTF",10
"612","CQAWDSSTWVF",10
"613","CMQALQTPCSF",10
"614","CMQGTHWPTF",10
"615","CGADHGSGSNFVWVF",10
"616","CSSYTSSSTPVVF",10
"617","CQQRSNWPLCSF",10
"618","CQQYYTTPITF",10
"619","CQQSYITPYTF",10
"620","CQQSYSTLVTF",10
"621","CQQYNSYPHTF",10
"622","CMQSIQLPITF",10
"623","CLQYNSYPWTF",10
"624","CQQSYSTLTWTF",10
"625","CQQYNSYSF",10
"626","CETWDSNTQVF",10
"627","CQQYDNLRLTF",10
"628","CQQYGSSPLITF",10
"629","CQQSYSTLITF",10
"630","CQQSYSTLMYTF",10
"631","CSSYAGSNNFVF",10
"632","CMQALQTYTF",10
"633","CSSYTSSSTPWVF",10
"634","CQSYDSSNWVF",10
"635","CQQYDDLPITF",10
"636","CQQYNSYPGTF",10
"637","CQQYGSSPSF",10
"638","CQSADSSGTYPVF",10
"639","CCSYAGSYTFVF",10
"640","CQQLNSYPPTF",10
"641","CMQALQTPSTF",10
"642","CSSYTSSSTQVF",10
"643","CQAWDSSTEVF",10
"644","CQQYNNWPPGYTF",10
"645","CQQRSNWPPGLTF",10
"646","CSSYTSSSTHVVF",10
"647","CHQYGSSPLTF",10
"648","CQQYDNWPLTF",10
"649","CQKYDSAPFTF",10
"650","CQQSYSPPFTF",10
"651","CQQYGRSPQTF",10
"652","CQQYYTSPLTF",10
"653","CQQYGSSTWTF",10
"654","CQQYNTYPPTF",10
"655","CQQYGSSPPGTF",10
"656","CQQYNSFPLTF",10
"657","CQQYNNWPPETF",10
"658","CQQYGGSPRTF",10
"659","CQQANTFPLTF",10
"660","CMIWHSSAYVF",10
"661","CQQYDNWPPITF",10
"662","CMQALQAPLTF",10
"663","CQQYYTTPFTF",10
"664","CQQYSSYWTF",10
"665","CQQYYNWPRTF",10
"666","CQQYGSSPHTF",10
"667","CSSYTSSSTLF",10
"668","CQSYDNSLSGWVF",10
"669","CQQYGTSPITF",10
"670","CQQSYSAPWTF",10
"671","CQQRGTF",10
"672","CQQYGSTPLTF",10
"673","CGTWDTSLSAGVF",10
"674","CMQGTHWPPFTF",10
"675","CQQYYSSPITF",10
"676","CQQTYTTPWTF",10
"677","CQQRSNWPPAF",10
"678","CQQSYSVPYTF",10
"679","CAAWDDSLNVVVF",10
"680","CQKYDSAPWTF",10
"681","CMQALQTPLFTF",10
"682","CQQYGSSPPMYTF",10
"683","CQQYGSSRGTF",10
"684","CMQALQTPPITF",9
"685","CQHYGSSPPYTF",9
"686","CAAWDDSLTGWVF",9
"687","CQQRSDWPPLTF",9
"688","CSSYTSSSSVVF",9
"689","CQQYYSLPYTF",9
"690","CQQRSNWLGTF",9
"691","CQQYYDTPLTF",9
"692","CQAWDSSTAGVF",9
"693","CQQYGGSPPITF",9
"694","CSSYTSSTTWVF",9
"695","CQQYGGSPFTF",9
"696","CQQYDNWPYTF",9
"697","CQQSYNIPLTF",9
"698","CQQSYNTPITF",9
"699","CQQYYTYPWTF",9
"700","CQQYYSFPPTF",9
"701","CQHYNSYPYTF",9
"702","CMQTLQTPFTF",9
"703","CQQRRTF",9
"704","CQTWDSSTVVF",9
"705","CQQYGSSPATF",9
"706","CQQRRNWPLTF",9
"707","CQQYNNWPLF",9
"708","CAAWDDSLNGHWVF",9
"709","CGTWDSSLSAEVF",9
"710","CQSYDSSNHWVF",9
"711","CSSYTSSNTWVF",9
"712","CLQHNSYPITF",9
"713","CQQYNNWPKTF",9
"714","CQQSYITPRTF",9
"715","CQQSYSTPETF",9
"716","CLLYYGGARVF",9
"717","CQQYNSYSETF",9
"718","CMQTLQTPYTF",9
"719","CQQYGTSLTF",9
"720","CQQYGTSPPITF",9
"721","CQQYAGSPLTF",9
"722","CQQYYSTLYTF",9
"723","CQQLNSFPLTF",9
"724","CQQRSNWPPTWTF",9
"725","CQVWDSSSDHLVF",9
"726","CASWDDSLSGWVF",9
"727","CQHYNNWPPWTF",9
"728","CQQYNNWPSLTF",9
"729","CCSYAGSYSWVF",9
"730","CHQYGSSPWTF",9
"731","CQHRSNWPLTF",9
"732","CQQLKSYPLTF",9
"733","CQQSYNSPRTF",9
"734","CLLSYSGVRVF",9
"735","CQQYNNYPLTF",9
"736","CMQGLQTPWTF",9
"737","CQQYNNWRTF",9
"738","CQQYNSYPTF",9
"739","CQQFNNYPLTF",9
"740","CQSYDSSLSVWVF",9
"741","CVLYMGSGIYVF",9
"742","CQAWDSGTVVF",9
"743","CMQATQIPRTF",9
"744","CQQYDNLVTF",9
"745","CSSYAGSNNWVF",9
"746","CQQYYSYPITF",9
"747","CSSYTSSSTVF",9
"748","CQQSYSSPITF",9
"749","CMQGTHWPHTF",9
"750","CQQYNTYSTF",9
"751","CQAWDSSTLYVF",9
"752","CLQDYNYPPTF",9
"753","CSSYTSSSTPVF",9
"754","CQQSYSAPFTF",9
"755","CQQYDNLLLTF",9
"756","CQHYGSSPPITF",9
"757","CLQHNNYPWTF",9
"758","CMQGAHWPPTF",9
"759","CQQYYSTLWTF",9
"760","CQQYGSSPSITF",9
"761","CSSYTSSSSYVF",9
"762","CGTWDSSLSAGGVF",9
"763","CQSYDSSLSGVF",9
"764","CQAWDSSSYVF",9
"765","CQQYDNLPQTF",9
"766","CARGFDYW",9
"767","CGTWDSSLSARVF",9
"768","CQQYYSSPFTF",9
"769","CMQALQTPSF",9
"770","CSSYAGSNNLGVF",9
"771","CQQSYSLPLTF",9
"772","CQQYNGYPWTF",9
"773","CMQVTQFPYTF",9
"774","CQQYGSSQTF",9
"775","CQSYDSSLSGYVVF",9
"776","CQSYDSSNPVVF",9
"777","CQQYNNWPPGTF",9
"778","CAAWDDSLNGLF",9
"779","CQQYDTLPLTF",9
"780","CQQYNSYSSF",9
"781","CQQYNTWPRTF",9
"782","CQQRGNWPPLTF",9
"783","CQQYGNSLTF",9
"784","CQQLNSYPVTF",9
"785","CQQYYSYPQTF",9
"786","CQQRSNWPSLTF",9
"787","CQQYYSTPPWTF",9
"788","CQQSYSPPPTF",9
"789","CMQALQIPRTF",9
"790","CQQYNNWPSF",9
"791","CQQSYNTPPTF",9
"792","CQQYGSSLITF",9
"793","CQQSYITPFTF",9
"794","CQQYKSYPYTF",9
"795","CQQYYDTPWTF",9
"796","CQQLNSYPHTF",9
"797","CMHALEPPYTF",9
"798","CMQALQAPRTF",9
"799","CMQALETPLTF",9
"800","CQVWDSSSDYVF",9
"801","CQVWDSGSDHYVF",9
"802","CQQYNSWPPLTF",9
"803","CQQYATSPWTF",9
"804","CQQYSSSPRTF",9
"805","CMQSLQTPITF",9
"806","CQQYGRSLTF",9
"807","CATWDDSLNAWVF",9
"808","CQQYGRSPYTF",9
"809","CQQTYSSPWTF",9
"810","CAAWDDSLSVVVF",9
"811","CQQYGASPRTF",9
"812","CQQYYSPPYTF",9
"813","CQQYSSSPLTF",9
"814","CMQSLQTPYTF",9
"815","CMQALQTPNTF",9
"816","CQQYDNLLFTF",9
"817","CQQYKNWPRTF",9
"818","CMQALQSPPTF",9
"819","CQSADSSGSYVVF",9
"820","CQQRSNWPPVTF",9
"821","CQQYDTSPWTF",9
"822","CQQYYSSPRTF",9
"823","CQQYDSSPLTF",9
"824","CMQALETPRTF",9
"825","CQQRSKWPLTF",9
"826","CMQATHWPWTF",9
"827","CQQYGSSPLF",9
"828","CQQYDNLPLF",9
"829","CQSADSSGTYPVVF",9
"830","CQQRSSWPPITF",9
"831","CQVWDSSSDVVF",9
"832","CQQSYSLPRTF",9
"833","CHQYYSTPLTF",8
"834","CQQSYSTPMYTF",8
"835","CQQYGGSPITF",8
"836","CQQSYSNPRTF",8
"837","CAAWDASLNGWVF",8
"838","CCSYAGSSTSWVF",8
"839","CLLSYSGARPVF",8
"840","CMQALQTPSITF",8
"841","CQQRSTWPLTF",8
"842","CQQYYSFPYTF",8
"843","CQQSYSPPRTF",8
"844","CALWEAQELGKKIKVF",8
"845","CQSYDSSNLWVF",8
"846","CLQHNTYPYTF",8
"847","CQQYGDSPFTF",8
"848","CQQSYSTPKTF",8
"849","CQQYGSSRLTF",8
"850","CAAWDDSLNGVF",8
"851","CAVMDSNYQLIW",8
"852","CQQYYTTPTF",8
"853","CAAWDGSLNGWVF",8
"854","CQQYGSLPRTF",8
"855","CYSTDSSGNQRVF",8
"856","CCSYAGSSTLYVF",8
"857","CQQYNNWPLLTF",8
"858","CQQYNYWPPLTF",8
"859","CQQYGSPPLTF",8
"860","CQQRSNWLWTF",8
"861","CQQADSFPFTF",8
"862","CMQSIQLPWTF",8
"863","CQQRSNWPSF",8
"864","CQQYYSTLTF",8
"865","CQQFNSYPYTF",8
"866","CQQYDSYSRTF",8
"867","CQQFNSYPFTF",8
"868","CQQRNNWPPTF",8
"869","CMQALQAPITF",8
"870","CSSYTSSSTLLYVF",8
"871","CQQYGSSPTTF",8
"872","CQQANTFPFTF",8
"873","CMQALQIPLTF",8
"874","CQQRSNWYTF",8
"875","CQSYDSSLSGSYVF",8
"876","CSSYTSSSTLDVVF",8
"877","CGTWDSSLSGVVF",8
"878","CSSYAGSNNFVVF",8
"879","CQQYGSSPALTF",8
"880","CQQYGSSPGYTF",8
"881","CQQSYSTPRLTF",8
"882","CCSYAGRYTWVF",8
"883","CCSYAGSNTWVF",8
"884","CSSYTSTSTLVF",8
"885","CQQYGSSQYTF",8
"886","CQQYGRSPITF",8
"887","CQAWDSNTVIF",8
"888","CQAWDSTTVVF",8
"889","CQQSYSFPFTF",8
"890","CMQALQTSWTF",8
"891","CQQYNNWPPMCSF",8
"892","CMQATHWPFTF",8
"893","CSSYAGNNNLVF",8
"894","CETWDSNTHVF",8
"895","CQQYNSYSVTF",8
"896","CQQRRDWPLTF",8
"897","CQQYKSYSRTF",8
"898","CMQALQNPLTF",8
"899","CQQRSNWPPRITF",8
"900","CASWDDSLSGYVF",8
"901","CAAWDDSLKGVVF",8
"902","CQSYDSSLSGLVF",8
"903","CVLYMGSGIRVF",8
"904","CSSYTSSSTGVF",8
"905","CQQLNNYPLTF",8
"906","CQQYYTYPLTF",8
"907","CMQPLQTPWTF",8
"908","CMQALQTPRAF",8
"909","CQQYYSTLLTF",8
"910","CYSTDSSGNHYVF",8
"911","CQQYNNWPRSF",8
"912","CQQYHSTPWTF",8
"913","CMQALQTSYTF",8
"914","CQQYGSSPMCSF",8
"915","CQQYRTF",8
"916","CQQSYSTPCSF",8
"917","CQSADSSGTHVVF",8
"918","CQSADSSGTYLVF",8
"919","CAAWDDSLNGQVF",8
"920","CCSYAGSYTVVF",8
"921","CQQYDNLPVTF",8
"922","CGTWDSSLSAGRVF",8
"923","CQQYGSSPLWTF",8
"924","CQAWDSSTSYVF",8
"925","CQQFGSSPLTF",8
"926","CQQSY_VPLTF",8
"927","CVLYMGSGIVVF",8
"928","CQQSYSTPRITF",8
"929","CHQYYTTPWTF",8
"930","CQQYKSYPWTF",8
"931","CMQALQTLITF",8
"932","CQQYYSTRTF",8
"933","CQQYNSYTF",8
"934","CQSADSSGTYPWVF",8
"935","CAAWDDSLNGPVVF",8
"936","CQQYDNWPPYTF",8
"937","CQQRSNWPPGTF",8
"938","CQAWDSSTGVVF",8
"939","CQQLNSYPLFTF",8
"940","CQQSYSVPLTF",8
"941","CQTWGTGIHVF",8
"942","CQQYG_AHLTF",8
"943","CYSTDSSGNLWVF",8
"944","CQAWDSSTASYVF",8
"945","CQSADSSGTHWVF",8
"946","CAAWDDSLSGQVF",8
"947","CQQYNNWPSYTF",8
"948","CQQYYSTLALTF",8
"949","CQQYNHWPLTF",8
"950","CQQSFSTPRTF",8
"951","CQQYDTYWTF",8
"952","CQQYDNWPRTF",8
"953","CQVWDTSSDHWVF",8
"954","CSSYTTSNTLVF",8
"955","CQQYNSPWTF",8
"956","CQQTYTTPRTF",8
"957","CQQYYSTPPITF",8
"958","CGTWDSSLSAVF",8
"959","CQQYNSFSWTF",8
"960","CSSYTSSSTFVF",8
"961","CQQYDDLPRTF",8
"962","CMQALQTPPAF",8
"963","CSSYTSSNTVVF",8
"964","CQQYNTYPFTF",8
"965","CQQYGTSPQTF",8
"966","CMQGTHWPQTF",8
"967","CHQYGTSPRTF",8
"968","CMQGTQFPRTF",8
"969","CLQDYDYPWTF",8
"970","CQQSYSMPLTF",8
"971","CQQYNAYPWTF",8
"972","CMQGTHWPPSF",8
"973","CQQYGNSPITF",8
"974","CQQSYSPPLTF",8
"975","CMQATQFPFTF",8
"976","CAAWDDSLNGGVF",8
"977","CLQHNNYPRTF",8
"978","CHQYGTSPWTF",8
"979","CQQYGDSPWTF",8
"980","CQQYSNWPLTF",8
"981","CQQYYSIPITF",8
"982","CCSYAGSSYVF",8
"983","CQQYNTYPRTF",8
"984","CMQALQTPLAF",8
"985","CAAWDDRLNGWVF",8
"986","CSSYAGSNNLIF",8
"987","CQQRNDWPLTF",8
"988","CQQYYGSPLTF",8
"989","CQQYYGTPRTF",8
"990","CQQYGSSPCSF",8
"991","CQQSYTSPWTF",8
"992","CATWDDSLNGRVF",8
"993","CQQSYSTPPVTF",8
"994","CQQSYGTPRTF",8
"995","CQQSYITPWTF",8
"996","CAAWDDSLRGWVF",8
"997","CQQLNTYPRTF",8
"998","CQQYSSYPYTF",8
"999","CQQYGSLPLTF",8
"1000","CQQYYNTPPTF",8
"1001","CQSYDNSLSGSYVF",8
"1002","CQQYYSPPLTF",8
"1003","CQQSYDTPYTF",8
"1004","CQQYNTYPITF",8
"1005","CQKYNSAPPTF",8
"1006","CQTWGTGIHVVF",8
"1007","CQQYNYWPRTF",8
"1008","CQQYNDWPITF",8
"1009","CMQATHWPLTF",8
"1010","CMQALQSPLTF",8
"1011","CQVWDRSSDHWVF",8
"1012","CMQALQTPATF",8
"1013","CQQYGNSPGTF",8
"1014","CGTWDSSLTAGVF",8
"1015","CMQATQFPVTF",8
"1016","CQSYDSSLSGSWVF",8
"1017","CQQYYSTPPAF",8
"1018","CAAWDDSLSGLVF",8
"1019","CQQYGTSPPWTF",8
"1020","CQQYNNYPYTF",8
"1021","CQQYNSWPYTF",8
"1022","CQQVNSYPLTF",8
"1023","CQQSYSTSYTF",8
"1024","CQQYDDLPFTF",8
"1025","CQQYASSPLTF",8
"1026","CAAWDDSLKGYVF",8
"1027","CQHYNNLPLTF",8
"1028","CQQYNKWPYTF",8
"1029","CQQYGSSPGLTF",8
"1030","CQQYHSYPYTF",8
"1031","CMQALQSPTF",8
"1032","CQQYGSSPRFTF",8
"1033","CQAWDSSTGGVF",8
"1034","CQQYATSPLTF",8
"1035","CQQYNSYSSTF",8
"1036","CAIWYSSTWVF",7
"1037","CQQYGGSPPYTF",7
"1038","CQQTYSIPRTF",7
"1039","CAAWDDSLNWVF",7
"1040","CQQAYSFPLTF",7
"1041","CGTWDSSLSGGVF",7
"1042","CQQYDTSPLTF",7
"1043","CQQYFTTPYTF",7
"1044","CQKYNSAPHTF",7
"1045","CLQYNSYPLTF",7
"1046","CQQYDSYPFTF",7
"1047","CMQGTYWPYTF",7
"1048","CQQYGSPLTF",7
"1049","CQQRTNWPTF",7
"1050","CHQSSSLPHTF",7
"1051","CHQYYSTPYTF",7
"1052","CQQYNNWPVTF",7
"1053","CQQYYSTPCTF",7
"1054","CQVWDSSTVIF",7
"1055","CQAWDSGTAVF",7
"1056","CQAWDSSYVVF",7
"1057","CQQYSTYPWTF",7
"1058","CQQSYSSLYTF",7
"1059","CQQYNIYPYTF",7
"1060","CMQGLQTPTF",7
"1061","CQQRGNWPPTF",7
"1062","CQQYGSSLPYTF",7
"1063","CQQYNNWPPHTF",7
"1064","CQQYDSYPITF",7
"1065","CQQYGSSPPNTF",7
"1066","CQQYNNWPLFTF",7
"1067","CQQRSNWPRLTF",7
"1068","CQQYGGSPLYTF",7
"1069","CQAWDSSTEVVF",7
"1070","CQQYGSSRYTF",7
"1071","CQQFNSYPRTF",7
"1072","CQQYDSYWTF",7
"1073","CHQSSSLPITF",7
"1074","CQQYGASPLTF",7
"1075","CQQYYGTPYTF",7
"1076","CQQYYSSPQTF",7
"1077","CQQYYNWPPYTF",7
"1078","CQQYSNWPPLTF",7
"1079","CQQYNSWPPITF",7
"1080","CVLYMGSGLWVF",7
"1081","CCSYAGSFTWVF",7
"1082","CSSYTSTSTYVF",7
"1083","CLQHNTYPITF",7
"1084","CQQYNNWPETF",7
"1085","CQQRRSWPLTF",7
"1086","CQAWDGSTVVF",7
"1087","CQQRHNWPLTF",7
"1088","CQQANSFPLSF",7
"1089","CMQALQPPYTF",7
"1090","CQQANNFPLTF",7
"1091","CMQATQFPRSF",7
"1092","CATWD_GKKLF",7
"1093","CQQYDDLPTF",7
"1094","CQAWDSSTAHVVF",7
"1095","CQQYKNWPPITF",7
"1096","CSSYTSSSSWVF",7
"1097","CQQYGISPWTF",7
"1098","CLQHNNYPLTF",7
"1099","CAAWDDSLNALVF",7
"1100","CGTWDTSLSAVVF",7
"1101","CQQSYSLPFTF",7
"1102","CQQSYSNPYTF",7
"1103","CLQYNSYPRTF",7
"1104","CAAWDDSLSGFYVF",7
"1105","CQQRSNWPPMCSF",7
"1106","CAAWDDSLNVWVF",7
"1107","CQQYDNWPPVTF",7
"1108","CQQYGSSLPWTF",7
"1109","CQQANSFPPWTF",7
"1110","CQVWDSSTGVF",7
"1111","CQQVNSYPRTF",7
"1112","CQQADTFPLTF",7
"1113","CQQYNDYSWTF",7
"1114","CCSYAGSSTLF",7
"1115","CMQAL_KLLTF",7
"1116","CQQYNSYF",7
"1117","CQQYNNWPPSITF",7
"1118","CNSRDSSGNHGVF",7
"1119","CQSADSSGTLWVF",7
"1120","CQQYGSSPLCSF",7
"1121","CQQYGTSLWTF",7
"1122","CQSADSSGTYKVF",7
"1123","CQQSYSTPMCSF",7
"1124","CNSRDSSGNLVVF",7
"1125","CYSAADNNRVF",7
"1126","CNSRDSSGNHLYVF",7
"1127","CQSADSSGTYGVF",7
"1128","CVLYMGSGSWVF",7
"1129","CQSYDSSLSGPVVF",7
"1130","CQQLNTYPITF",7
"1131","CMQALQTPRSF",7
"1132","CQQSYSTPLF",7
"1133","CAAWDDSLSGLWVF",7
"1134","CCSYAGSGTYVF",7
"1135","CGTWDSSLSVVF",7
"1136","CQQRSNWPPIFTF",7
"1137","CQQRSNWPPGITF",7
"1138","CQVWDSSSDQGVF",7
"1139","CQQYGSSPLLTF",7
"1140","CYSAADNNLVF",7
"1141","CQQYGSSPPF",7
"1142","CQQYDNLITF",7
"1143","CCSYAGSWVF",7
"1144","CQQYKSYSTF",7
"1145","CNSRDSSGNHLRVF",7
"1146","CQVWDSSSDRVF",7
"1147","CCSYAGSYIYVF",7
"1148","CCSYAGSYTGVF",7
"1149","CLLYYGGAQLVF",7
"1150","CQQYDDWPRTF",7
"1151","CQQRSNWRVTF",7
"1152","CQQYYSTPGTF",7
"1153","CMQRIEFPITF",7
"1154","CQQYDNLYTF",7
"1155","CQVWDSSSDHPGVVF",7
"1156","CQVWDSSSDHPWVF",7
"1157","CAVWDDSLNGRVF",7
"1158","CAAWDDSLNAWLF",7
"1159","CCSYAGSSTYVVF",7
"1160","CGTWDSSLSALVF",7
"1161","CQQYNNWPPKTF",7
"1162","CQQRSDWPPITF",7
"1163","CCSYAGSHTWVF",7
"1164","CQQYNSYSSWTF",7
"1165","CQSYDSSNRVF",7
"1166","CQHYGSSSWTF",7
"1167","CQQYFSTPPTF",7
"1168","CMQGTQWPYTF",7
"1169","CQVWDSSTVF",7
"1170","CQQYNSFWTF",7
"1171","CQQYDYLPLTF",7
"1172","CQQYSSYSTF",7
"1173","CQQRSTF",7
"1174","CQQYEDLPLTF",7
"1175","CQQYYNWPLTF",7
"1176","CQQRINWPLTF",7
"1177","CQQYYNWPPLTF",7
"1178","CQQSYSSPQTF",7
"1179","CQQSYSTPSTF",7
"1180","CSSYTSSNTRVF",7
"1181","CQQRSHWPLTF",7
"1182","CQHYNNWPLTF",7
"1183","CQQYGSPPRTF",7
"1184","CQQYNDWPPFTF",7
"1185","CQQSYSFPITF",7
"1186","CQQYNNWPPEYTF",7
"1187","CQQANSFPPLTF",7
"1188","CQSYDNSLSGYVF",7
"1189","CSSYTSSSTYVVF",7
"1190","CQQYNNWPLSF",7
"1191","CQQYGSSPSSF",7
"1192","CQQYYSIPRTF",7
"1193","CQQYGTF",7
"1194","CQVWDSGSDHVVF",7
"1195","CQQYGDSPRTF",7
"1196","CQQSYSTPPAF",7
"1197","CHQYGNSPWTF",7
"1198","CETWDTNTRVF",7
"1199","CQQYNDYPLTF",7
"1200","CQSYDNSLSAWVF",7
"1201","CQQYNDWPPYTF",7
"1202","CQQRSNWPLFTF",7
"1203","CQQYGGSPYTF",7
"1204","CQQRSDWPTF",7
"1205","CQQRSSWPPLTF",7
"1206","CQQSYSVPRTF",7
"1207","CQQYDSFPLTF",7
"1208","CQQSHSTPYTF",7
"1209","CCSYAGSYVF",7
"1210","CQQYNTYRTF",7
"1211","CQSYDNSLSGSVVF",7
"1212","CQQRSNWPPSITF",7
"1213","CQVWDSSSDLYVF",7
"1214","CAAWDDSLNGWLF",7
"1215","CQQYGSSPPRTF",7
"1216","CQQYGSTPRTF",7
"1217","CQQRSDWPPTF",7
"1218","CQQRSNWPPVYTF",7
"1219","CMQSLQTPWTF",7
"1220","CQQADSFPITF",7
"1221","CQQSFSTPYTF",7
"1222","CQQYKNWPLTF",7
"1223","CQQAHSFPITF",7
"1224","CQQTYTTPLTF",7
"1225","CQQSHTTPWTF",7
"1226","CSAWDDSLNGPVF",7
"1227","CQQYGGSPPWTF",7
"1228","CQQYDNLPPVTF",7
"1229","CQQYGNSPFTF",7
"1230","CQAWDSSTAIF",7
"1231","CMQSIQLPFTF",7
"1232","CQQYYNWPPWTF",7
"1233","CQQSYSIPITF",7
"1234","CQQYYTTPCTF",7
"1235","CQQTYTTPFTF",7
"1236","CLQHNSFPLTF",7
"1237","CQHYDNLPLTF",7
"1238","CQQYNNWPPSTF",7
"1239","CQQYGSSPGFTF",7
"1240","CQQLDSYPLTF",7
"1241","CLQATQFPWTF",7
"1242","CQQYNNYWTF",7
"1243","CAVWDDSLNGPVF",7
"1244","CQQYDSLPFTF",7
"1245","CQQSYNTPFTF",7
"1246","CMQVLQTPYTF",7
"1247","CMQALQIPPTF",7
"1248","CQSYDSSLSGSLF",7
"1249","CQQYNKWPPITF",7
"1250","CLQHNAYPLTF",7
"1251","CQHYNNWPYTF",7
"1252","CQQYASSPWTF",7
"1253","CQQRSNWPPMYTF",7
"1254","CCSYAGRSTLVF",7
"1255","CQQSYNTPVTF",7
"1256","CQQYDTYPYTF",7
"1257","CQQYYGTPWTF",7
"1258","CQQYYTSPYTF",7
"1259","CQQSYGTPYTF",7
"1260","CQVWDSSTDHYVF",7
"1261","CAAWDDSLSAYVF",7
"1262","CQQYFSTPYTF",7
"1263","CQQYGSLPYTF",7
"1264","CQQRSSWPRTF",7
"1265","CQQYGDSPTF",7
"1266","CQSYDSSLTGYVF",7
"1267","CLQDYTYPWTF",7
"1268","CQQYGSLPWTF",7
"1269","CQQYDNPPLTF",7
"1270","CMQSIQLPPTF",7
"1271","CQQYNNYPWTF",7
"1272","CQQYNSWTF",7
"1273","CCSYAGTYTYVF",7
"1274","CNSRDSSGNHLVVF",7
"1275","CMQGTHWPPGTF",7
"1276","CQQYGSSLRTF",7
"1277","CQQYYGPPYTF",7
"1278","CQQANTFPYTF",7
"1279","CQHYNSYPWTF",7
"1280","CQQSYTTPHTF",7
"1281","CMQSIQLPRTF",7
"1282","CNSRDSSGNRVF",7
"1283","CQQRTDWPLTF",7
"1284","CQQYENLPITF",7
"1285","CMQALQSPWTF",7
"1286","CMQGSHWPPTF",7
"1287","CQQSYSSWTF",7
"1288","CQQYGSSF",7
"1289","CQQRSNWPPELTF",7
"1290","CQQRSAWPLTF",7
"1291","CSSYTSSSTLRVF",7
"1292","CQQGNSFPYTF",7
"1293","CQQYFTTPLTF",7
"1294","CQQYSSYPWTF",7
"1295","CMQALQTITF",7
"1296","CQQYSTYPYTF",7
"1297","CLQHNTYPFTF",7
"1298","CQQYDSSPYTF",7
"1299","CAAWDDSLNGLWVF",7
"1300","CNSRDSSGNHPVF",7
"1301","CQQYGSSLTWTF",7
"1302","CLQATQFPRTF",7
"1303","CQQSYTAPLTF",6
"1304","CSAWDSSLSVWVF",6
"1305","CQSYDSSLSGVLF",6
"1306","CQQYYGTPPTF",6
"1307","CQQADSFPRTF",6
"1308","CQQSDSTPYTF",6
"1309","CYSTDSSGNYRVF",6
"1310","CQQYSSSPPITF",6
"1311","CALWEVRELGKKIKVF",6
"1312","CAAWDDSLNGLLF",6
"1313","CQQYNTWPPLTF",6
"1314","CQQSYSTPIFTF",6
"1315","CQTWATGIQVF",6
"1316","CQQTYSAPLTF",6
"1317","CMQGTHWPYSF",6
"1318","CNSRDSSGNLWVF",6
"1319","CQQRSNWPLITF",6
"1320","CAVMDSSYKLIF",6
"1321","CCSYAGSTTWVF",6
"1322","CQQYSSTPYTF",6
"1323","CQQYDTSPYTF",6
"1324","CQQANRFPLTF",6
"1325","CQQSYSFPRTF",6
"1326","CQQSYSTPCTF",6
"1327","CMQVLQTPFTF",6
"1328","CQQYNSYFTF",6
"1329","CQQTYSPPLTF",6
"1330","CQQADSFPWTF",6
"1331","CQQYYSTPNTF",6
"1332","CALWEVEELGKKIKVF",6
"1333","CMQGTH_GLRTF",6
"1334","CQQYGSSSFTF",6
"1335","CQQYYNTPFTF",6
"1336","CQQYYSYPHTF",6
"1337","CMQALQTPDTF",6
"1338","CQSYDSSLSGLYVF",6
"1339","CQQRSNWPPRYTF",6
"1340","CQSYDRSLSGYVF",6
"1341","CQQRYNWPPWTF",6
"1342","CLQDYIYPWTF",6
"1343","CQQYGSPPWTF",6
"1344","CQQYDYLPPTF",6
"1345","CQQLKTYPLTF",6
"1346","CQQSYSMPPTF",6
"1347","CAVYNFNKFYF",6
"1348","CQQYSTYSWTF",6
"1349","CMQGTHWPATF",6
"1350","CQQYGTSRTF",6
"1351","CQQYYNTPQTF",6
"1352","CQQYKNWPPYTF",6
"1353","CQQYYSVPLTF",6
"1354","CQQANSFPLAF",6
"1355","CLQHNSYLWTF",6
"1356","CQQSSTTPLTF",6
"1357","CQQRSNWPPEITF",6
"1358","CQQTYSAPWTF",6
"1359","CQQYNTFPWTF",6
"1360","CAASDRGSTLGRLYF",6
"1361","CQSYDRSLSGWVF",6
"1362","CQQYGGSPPFTF",6
"1363","CQQYNNWPPNTF",6
"1364","CQQSYSTPRVTF",6
"1365","CAVNSGYSTLTF",6
"1366","CNSRDSSGNHPF",6
"1367","CQHYGSSPWTF",6
"1368","CQQYNNWPPAF",6
"1369","CQQYYATPYTF",6
"1370","CQQYYSTPLSF",6
"1371","CQQSYSIPQTF",6
"1372","CQQYESYPYTF",6
"1373","CATWDYYKKLF",6
"1374","CQQYSSYSWTF",6
"1375","CQQYNSYTWTF",6
"1376","CQQYGSSSTF",6
"1377","CQQYGSSHTF",6
"1378","CMQALQTFTF",6
"1379","CMQSTQFPRTF",6
"1380","CQQYGSSPPRYTF",6
"1381","CSSYTSSDTYVF",6
"1382","CQQRANWPPITF",6
"1383","CQSYDSSNRWVF",6
"1384","CQQYYSTPMCSF",6
"1385","CCSYAGSSVVF",6
"1386","CQQYYSIPVTF",6
"1387","CQQYNNYPITF",6
"1388","CHQSSSLPRTF",6
"1389","CQQFGSSPFTF",6
"1390","CQQYYSSPCSF",6
"1391","CQQYGSSTGTF",6
"1392","CQQFGSSPWTF",6
"1393","CQQSYSTPDTF",6
"1394","CQQYGGSPPTF",6
"1395","CCSYAGSPYVF",6
"1396","CQQYNSYFRTF",6
"1397","CAVRDSNYQLIW",6
"1398","CALYMGSGIWVF",6
"1399","CMQGTHWPCSF",6
"1400","CMQSIQPLTF",6
"1401","CQQSYSTPNTF",6
"1402","CQQYNNWPPCSF",6
"1403","CQQSYRTF",6
"1404","CQQYDNLSLTF",6
"1405","CQVWDSSTWVF",6
"1406","CQQRSNSLTF",6
"1407","CQQYDNLPMYTF",6
"1408","CCSYAGDYTWVF",6
"1409","CQQYDNLPAF",6
"1410","CQAWDSSTSVVF",6
"1411","CQAWDSSSWVF",6
"1412","CQQYDNLPSLTF",6
"1413","CMQALQTPAF",6
"1414","CQQYNNWPPAYTF",6
"1415","CCSYAGSSTFGVF",6
"1416","CNSRDSSGNHLF",6
"1417","CQQYNSYSPITF",6
"1418","CQQYNNWPHTF",6
"1419","CYSTDSSGNRWVF",6
"1420","CQQYDNLPLFTF",6
"1421","CMQALQTPPSF",6
"1422","CGTWDSSLSAGVVF",6
"1423","CSSYAGSNTLVF",6
"1424","CHQRSNWPLTF",6
"1425","CQQSYTSPRTF",6
"1426","CQQRSNWPLF",6
"1427","CSSYTSSSTLEVVF",6
"1428","CQQYGSSPRLTF",6
"1429","CQAWDSSTHYVF",6
"1430","CQQANSFPQTF",6
"1431","CQQYDTYSTF",6
"1432","CQAWDSSTALYVF",6
"1433","CQSADSSGTYEVF",6
"1434","CGTWDSSLSGYVF",6
"1435","CHQYGSSPGTF",6
"1436","CQAWDSSNYVF",6
"1437","CQTWGTGILVF",6
"1438","CQQYESYPWTF",6
"1439","CAREGIVGATTGFDYW",6
"1440","CQQYGRSPPITF",6
"1441","CQQYYSTPSWTF",6
"1442","CQQSYSTPQYTF",6
"1443","CHQSSSFPLTF",6
"1444","CQQYGYSPLTF",6
"1445","CQQYGSSQGTF",6
"1446","CQQSHSIPLTF",6
"1447","CMQGRHWPPTF",6
"1448","CQQYN_VTLTF",6
"1449","CQQYNSYLTF",6
"1450","CQQYGSFF",6
"1451","CSTWDYS_QCSWVF",6
"1452","CQSYDRSLSGVVF",6
"1453","CQQYGSSPPVYTF",6
"1454","CQQYNNWPPTWTF",6
"1455","CLLSYSGARLWVF",6
"1456","CGTWDSSLSVYVF",6
"1457","CSSYTS_QHSRVF",6
"1458","CQQRYNWPPLTF",6
"1459","CQQRSNWPSYTF",6
"1460","CQAWDSSTFVVF",6
"1461","CQQSYSTPQLTF",6
"1462","CQQSYSTPRWTF",6
"1463","CQSYDSSLSYVF",6
"1464","CQQRGDWPLTF",6
"1465","CQQRSNWLITF",6
"1466","CQQSYRTPFTF",6
"1467","CQQYDNLLYTF",6
"1468","CQQSYSTLCSF",6
"1469","CQQYFSTPLTF",6
"1470","CQQYNNFPWTF",6
"1471","CMQRIEFPSTF",6
"1472","CQQYGSSLSF",6
"1473","CQTWGTGFRVF",6
"1474","CQQANTFPWTF",6
"1475","CMQSIQFPLTF",6
"1476","CHQSSSLPFTF",6
"1477","CNSRDSSGNHLGVVF",6
"1478","CMQATHWPPITF",6
"1479","CQQYGTSPPTF",6
"1480","CQSADSSGTFWVF",6
"1481","CAAWDDSLKGPVF",6
"1482","CHQSSSLPGTF",6
"1483","CQQYYTIPLTF",6
"1484","CQQYKTYPLTF",6
"1485","CQQRSNWVTF",6
"1486","CAVGSSNTGKLIF",6
"1487","CGTWDSSLSALF",6
"1488","CQQCGSSPWTF",6
"1489","CQQRSDWPRTF",6
"1490","CQSADSSGTVF",6
"1491","CQQYKSYPFTF",6
"1492","CSSYTSSSTPLYVF",6
"1493","CQQRSDWPITF",6
"1494","CQQYDSLPPTF",6
"1495","CQQSYDTPRTF",6
"1496","CQQYDNLRTF",6
"1497","CQQYNKWPPYTF",6
"1498","CQQSYSNPLTF",6
"1499","CQSYDTSLSAWVF",6
"1500","CQQYNAWPLTF",6
"1501","CQQSDSTPLTF",6
"1502","CQQYYSTPPSF",6
"1503","CMQVLQTPLTF",6
"1504","CLQHHTYPLTF",6
"1505","CMQVTQFPWTF",6
"1506","CQQYNSLWTF",6
"1507","CQSYDSSLRGSVF",6
"1508","CQSYDSSNQGVF",6
"1509","CQSTDSSGTYVF",6
"1510","CCSYAGRSTWVF",6
"1511","CQQTYSSPPTF",6
"1512","CQVWDSSTVLF",6
"1513","CQQSHSTPPTF",6
"1514","CLLSYSGAGVF",6
"1515","CMQTLQTPWTF",6
"1516","CMQGTHWLTF",6
"1517","CQQYYSTPSTF",6
"1518","CMQGLQTPHTF",6
"1519","CQAWDSSNVVF",6
"1520","CSSYTSSSTRYVF",6
"1521","CQQRSNWPPSLTF",6
"1522","CQVWDSSSDHLYVF",6
"1523","CQQYFTTPRTF",6
"1524","CMQATHFPWTF",6
"1525","CMQGTQFPWTF",6
"1526","CYSTDSSGNQGVF",6
"1527","CQQSYSTLALTF",6
"1528","CSSYTSSSTLLF",6
"1529","CQQYYDTPRTF",6
"1530","CQQYYRTPWTF",6
"1531","CQQSYRTPPTF",6
"1532","CQQYNDWPTF",6
"1533","CCSYAGSVVF",6
"1534","CMQTTQFPWTF",6
"1535","CQHYNSYPLTF",6
"1536","CNSRDSSGNLYVF",6
"1537","CQSYDSSLGGSVF",6
"1538","CCSYAGSRTYVF",6
"1539","CQQYYTIPRTF",6
"1540","CQQYEDLPITF",6
"1541","CQQYGSPWTF",6
"1542","CQQYNNWVTF",6
"1543","CMQATQSLTF",6
"1544","CQQYGNSPPITF",6
"1545","CQQSYSSLWTF",6
"1546","CQQSYSMPYTF",6
"1547","CQQLSSYPLTF",6
"1548","CQQYDSFPWTF",6
"1549","CQQYDSYSTF",6
"1550","CQQTNSFPRTF",6
"1551","CAAWDDSVNGPVF",6
"1552","CMQATHWPPYTF",6
"1553","CQQRSSWPPTF",6
"1554","CQQTYSSPRTF",6
"1555","CQQSYSLPYTF",6
"1556","CQQFDSLPLTF",6
"1557","CQQYGASPWTF",6
"1558","CQQTYSVPLTF",6
"1559","CMQTTQFPLTF",6
"1560","CMQGAHWPLTF",6
"1561","CMQALHTPLTF",6
"1562","CQQSYSSPVTF",6
"1563","CQQYGSSAITF",6
"1564","CQQRSNSITF",6
"1565","CQKYNSAPPLTF",6
"1566","CHQYNNWPRTF",6
"1567","CQQYYNWPPFTF",6
"1568","CQQRNNWPPITF",6
"1569","CQQSYSRPWTF",6
"1570","CMQVLQTPWTF",6
"1571","CSSYAGSNNLLF",6
"1572","CSSYTSSRTLVF",6
"1573","CQQLNSFPFTF",6
"1574","CMQALQTLWTF",6
"1575","CHQYGSSPTF",6
"1576","CYSTDSSGNHVVF",6
"1577","CQQANTFPITF",6
"1578","CQQSYTTPITF",6
"1579","CQQSHSTPWTF",6
"1580","CMQPLQTPFTF",6
"1581","CQQRSNWRTF",6
"1582","CQQYNNWPPLYTF",6
"1583","CLLYYGGAQLWVF",6
"1584","CQQYNIWPRTF",6
"1585","CQTWDTGIRVF",6
"1586","CQQYYSIPYTF",6
"1587","CQQYNAYPLTF",6
"1588","CMQALQTLLTF",6
"1589","CQSYDSSLSGSKVF",6
"1590","CQQRSNWPPRLTF",6
"1591","CQVWDSRSDHYVF",6
"1592","CQVWDSRSDHWVF",6
"1593","CQSYDSSLRGWVF",6
"1594","CQSYDNSLSGSVF",6
"1595","CSSYTSSSTFYVF",6
"1596","CQQYYSSPPWTF",6
"1597","CQQRSDWPWTF",6
"1598","CQQRSNWPETF",6
"1599","CQQTYSTPITF",6
"1600","CQQYYNSPLTF",6
"1601","CQAWDSTTGVF",6
"1602","CQQYDNFPITF",6
"1603","CQQYENVPLTF",6
"1604","CQQTYSPPRTF",6
"1605","CMIWHNSAWVF",6
"1606","CQQYNNFPYTF",6
"1607","CMQTLQTPRTF",6
"1608","CMQATHWPGTF",6
"1609","CQQYYSTPAF",6
"1610","CQQTYTTPYTF",6
"1611","CMQASHWPYTF",6
"1612","CMQGSHWPLTF",6
"1613","CQQYGGSPTF",6
"1614","CLQDYTYPRTF",6
"1615","CQQYKTYPYTF",6
"1616","CQSYDSSLSGWLF",6
"1617","CQQLNSYPQTF",6
"1618","CQQYYSLPRTF",6
"1619","CMQALQSPFTF",6
"1620","CQQYNTYPTF",6
"1621","CGESHTIDGQVGYVF",6
"1622","CAAWDDSLRGPVF",6
"1623","CAAWDDSLSSWVF",6
"1624","CCSYAGSYTFYVF",6
"1625","CQSFDSSLSGWVF",6
"1626","CQQRTNWPPWTF",6
"1627","CQQRANWPPLTF",6
"1628","CQQYHNWPPITF",6
"1629","CQQFNTYPLTF",6
"1630","CQVWDSSTAVF",6
"1631","CQAWDSSHVVF",6
"1632","CQAWDSSTVVVF",6
"1633","CQSADSSGSYVF",6
"1634","CQSADSSGTYLF",6
"1635","CVLYMGGGIWVF",6
"1636","CQQTYSIPWTF",6
"1637","CYSTDSSGNHGVF",6
"1638","CQQYNNWPPLFTF",6
"1639","CQVWDSSSDLVVF",6
"1640","CQQYYSNPLTF",6
"1641","CQAWDSSLYVF",6
"1642","CQQYDDLPPTF",6
"1643","CQQSYSIPPTF",6
"1644","CQQSFSTPWTF",6
"1645","CQQYGTSPVTF",6
"1646","CQQSNSFPWTF",6
"1647","CQQYGRSPGTF",6
"1648","CMQSLQLPITF",6
"1649","CASWDDSLNGPVF",6
"1650","CAAWDDSLNVVLF",6
"1651","CQQYNTYSYTF",6
"1652","CQQYGTSPTF",6
"1653","CMQARQTPPTF",6
"1654","CMQALQIPWTF",6
"1655","CLQHDNFPWTF",6
"1656","CQKYNSAPITF",6
"1657","CQQSYSTTWTF",6
"1658","CQQYESSPRTF",6
"1659","CQQTYSSPYTF",6
"1660","CLQHNSYSWTF",6
"1661","CQAWDSTTAVF",6
"1662","CCSYAGSFYVF",6
"1663","CYSTDSSGNRGVF",6
"1664","CATWDDSLNGHVF",6
"1665","CQHYGSSPLFTF",6
"1666","CCSYAGTYTFVF",6
"1667","CLQDYSYPYTF",6
"1668","CQQFNSYPPTF",6
"1669","CQQYHNLPLTF",6
"1670","CQQSYSAPPTF",6
"1671","CQQSHSTPFTF",6
"1672","CQQYNSYLLTF",6
"1673","CMQPLQTPYTF",6
"1674","CAAWDDSLSGPYVF",6
"1675","CQQYNNWPPELTF",6
"1676","CQQYDSSPTF",6
"1677","CQQYSNWPPYTF",6
"1678","CQQSYSTPTWTF",6
"1679","CQQYGRSPFTF",6
"1680","CQQSSSTPLTF",6
"1681","CLLYYGGPWVF",6
"1682","CAAWDDSLSGLYVF",6
"1683","CQSYDSSLSDWVF",6
"1684","CGAWDSSLSAYVF",6
"1685","CQQYYSTLPLTF",6
"1686","CQQRSNWPMYTF",6
"1687","CQQYAYSPLTF",6
"1688","CQQRSNWPPVLTF",6
"1689","CAAWDDSLNAVLF",6
"1690","CSSYTTSSTRVF",6
"1691","CQQYYNLPRTF",6
"1692","CQQANSFPHTF",6
"1693","CQQTYSIPYTF",6
"1694","CMQALQTPPFTF",6
"1695","CQQYSTSPLTF",6
"1696","CAVNQAGTALIF",5
"1697","CQQTNSFPYTF",5
"1698","CQQYNNWPALTF",5
"1699","CCSYAGSSTFEVF",5
"1700","CGTWDNSLSAVVF",5
"1701","CACDTLGDTDKLIF",5
"1702","CQQYNNWPRGTF",5
"1703","CQQYYSAPFTF",5
"1704","CQQFNDYPLTF",5
"1705","CQQYNSYPCTF",5
"1706","CALWETQELGKKIKVF",5
"1707","CATWDRNYYKKLF",5
"1708","CQQRYNWPPITF",5
"1709","CLQHNSYPHTF",5
"1710","CQQSYGTPPTF",5
"1711","CVIWHNSAWVF",5
"1712","CCSYAGSSWVF",5
"1713","CQQYDAYPWTF",5
"1714","CATWDGR_YYKKLF",5
"1715","CQAWDSSTAGVVF",5
"1716","CAAWDDSLSAVVF",5
"1717","CAASKGGSYIPTF",5
"1718","CQSYDISLSGWVF",5
"1719","CQQYDDWPPYTF",5
"1720","CQQYNNWPAWTF",5
"1721","CQQRTNWPPITF",5
"1722","CIVRLNNARLMF",5
"1723","CQQYGSSSRTF",5
"1724","CQQRSNWQWTF",5
"1725","CQQYYTIPYTF",5
"1726","CQQYYTTLRTF",5
"1727","CQQYGISPYTF",5
"1728","CQQYGRSLWTF",5
"1729","CQTWDSNTVVF",5
"1730","CATWDAYKKLF",5
"1731","CQQYGRSRTF",5
"1732","CQQYNDWWTF",5
"1733","CQQYNRYSTF",5
"1734","CMQGTHWPPVTF",5
"1735","CQQYDDLPWTF",5
"1736","CMQGLQIPYTF",5
"1737","CALWEVKELGKKIKVF",5
"1738","CQQFNSYPWTF",5
"1739","CQSYDSSNHGVF",5
"1740","CQQYGGSPPLTF",5
"1741","CQQYNTWPLTF",5
"1742","CQQYYTFPLTF",5
"1743","CQKYKSAPLTF",5
"1744","CAVNTGNQFYF",5
"1745","CLLSYSGAVVF",5
"1746","CSSYAGSNNFYVF",5
"1747","CQHYGSSPPVTF",5
"1748","CQQSYSTPGFTF",5
"1749","CQAWDSRTVVF",5
"1750","CQTWGTGTVVF",5
"1751","CQHYSSYPYTF",5
"1752","CQQTFSTPWTF",5
"1753","CLLYYGGVWVF",5
"1754","CQQYDDYPITF",5
"1755","CQQYNSYWWTF",5
"1756","CQQYYTYPPTF",5
"1757","CQQRSNWLF",5
"1758","CQQYNSWWTF",5
"1759","CQQYYSPPWTF",5
"1760","CQQADSFPYTF",5
"1761","CQQRSDWLTF",5
"1762","CASWDDSLSAWVF",5
"1763","CQQYGSSPQLTF",5
"1764","CHQYYTTPQTF",5
"1765","CQSYDSSSRVF",5
"1766","CQQSYSAPHTF",5
"1767","CQQYNSYPETF",5
"1768","CMQALQTF",5
"1769","CVVSDRGSTLGRLYF",5
"1770","CATWDGP_YYKKLF",5
"1771","CATWDRP_YYKKLF",5
"1772","CQQYGSSPPGYTF",5
"1773","CQQRSNWPPVITF",5
"1774","CQSADSSGTPVVF",5
"1775","CAAWDDSLDGWVF",5
"1776","CQSYDRSLSGSVF",5
"1777","CLQHNSYPRLTF",5
"1778","CQQYYSTPTWTF",5
"1779","CQQSYSTLSITF",5
"1780","CQQSYSTPRFTF",5
"1781","CCSYAGRYTFVF",5
"1782","CCSYTSSSTLVF",5
"1783","CMQRIEFPSLTF",5
"1784","CQQYVNSPLTF",5
"1785","CQQYGSSSGTF",5
"1786","CQQYGSSPDTF",5
"1787","CQQYSDWPRTF",5
"1788","CQQRYSWPLTF",5
"1789","CQQRSNWPSTF",5
"1790","CQQSYRTPWTF",5
"1791","CQQYENLPVTF",5
"1792","CQKYNSGPRTF",5
"1793","CMQSLQTLWTF",5
"1794","CQQYNTWPTF",5
"1795","CMQSIQLRTF",5
"1796","CQQYGRSF",5
"1797","CMQGTHWRTF",5
"1798","CQQFGSSLTF",5
"1799","CMQAAQFPWTF",5
"1800","CQQRISWPLTF",5
"1801","CMQGSHWPPYTF",5
"1802","CSSYTSSITYVF",5
"1803","CQQYYSSWTF",5
"1804","CQSYDSSLSALF",5
"1805","CQQSYSVPFTF",5
"1806","CQKYNSALLTF",5
"1807","CQQYHSYPITF",5
"1808","CQQYGSLFTF",5
"1809","CMQGTHSFTF",5
"1810","CGTWDSSLSAPWVF",5
"1811","CQQRNNWPPLTF",5
"1812","CQQYNKWPQTF",5
"1813","CQQYSTYSRTF",5
"1814","CQQYNAYPYTF",5
"1815","CMQALETPFTF",5
"1816","CQSYDSSLSVLYVF",5
"1817","CAAWDDSLSGRLF",5
"1818","CGAWDSSLSAGVF",5
"1819","CQQYGSSLSWTF",5
"1820","CQQYGGSPRYTF",5
"1821","CQQRSNWPSITF",5
"1822","CQQSYSTLPLTF",5
"1823","CAVSGGYQKVTF",5
"1824","CSSYTRSSTLVF",5
"1825","CQQYGDSPYTF",5
"1826","CQQYGSAPRTF",5
"1827","CQAWDSSTALF",5
"1828","CQQSYSFPLTF",5
"1829","CQKYNTAPLTF",5
"1830","CQKYNTAPWTF",5
"1831","CQQYSDYPWTF",5
"1832","CQHYGSSLTF",5
"1833","CQQYNSYSPF",5
"1834","CCSYAGSYTLVVF",5
"1835","CNSRDSSGNSWVF",5
"1836","CAAWDDSLSGSWVF",5
"1837","CQSADSSGTYHWVF",5
"1838","CQQSYSTPQITF",5
"1839","CMQALQTSLTF",5
"1840","CQQYNNWPSWTF",5
"1841","CQQYNSYLCSF",5
"1842","CQQYNNWLGTF",5
"1843","CNSRDSSGNHHYVF",5
"1844","CQQYGSSPPCSF",5
"1845","CQQSYSSPTWTF",5
"1846","CQQYNSFPRTF",5
"1847","CNSRDSSGNHLWVF",5
"1848","CCSYAGTYSWVF",5
"1849","CQQYGSSPMTF",5
"1850","CGTWDSSLSDVVF",5
"1851","CLQHNSYPQTF",5
"1852","CQQYYSTLRTF",5
"1853","CQQYD_ISPTF",5
"1854","CQQYDNLPFF",5
"1855","CQSADSSGTYLWVF",5
"1856","CQSADSSGSWVF",5
"1857","CMQGTHWYTF",5
"1858","CQQSYSTF",5
"1859","CQQYNNWPPPITF",5
"1860","CCSYAGSYNWVF",5
"1861","CSSYTSSSTEVF",5
"1862","CMQALQTRITF",5
"1863","CAAWDDSLSGFWVF",5
"1864","CGTWDSSLSAGYVF",5
"1865","CQAWDSSTANYVF",5
"1866","CATWDDSLSGRVF",5
"1867","CQQYGRSPPLTF",5
"1868","CHQSSSLPPTF",5
"1869","CQSYDSSNHVF",5
"1870","CQQYGSLPITF",5
"1871","CQQSFSSPLTF",5
"1872","CMQRLEFPWTF",5
"1873","CQQYSSYPFTF",5
"1874","CQQYETYPLTF",5
"1875","CQQYD_SPLTF",5
"1876","CQVWDSSSDHRGVF",5
"1877","CQSADSSGTSNWVF",5
"1878","CQVWDSSSDHHVF",5
"1879","CAAWDDSLSGGVF",5
"1880","CGTWDS_PECWVF",5
"1881","CQSYDSSNPWVF",5
"1882","CQQYGSSPGITF",5
"1883","CQQYYSTPPFTF",5
"1884","CQAWDSSTAKVF",5
"1885","CQQSYSTPRGTF",5
"1886","CQTWGT_AFRVF",5
"1887","CHQYYSTPPTF",5
"1888","CQQYATSPRTF",5
"1889","CQQYGTSLLTF",5
"1890","CQQYGSSPCTF",5
"1891","CQQYNNWPCSF",5
"1892","CQVWDSSSVVF",5
"1893","CQQFDNLPITF",5
"1894","CQQYDNLPPAF",5
"1895","CQQSYSTLPTF",5
"1896","CCSYAGSYVVF",5
"1897","CQQYGSFPLTF",5
"1898","CMQGTHSWTF",5
"1899","CAAWDDSLNGYVVF",5
"1900","CAAWDDSLNGHYVF",5
"1901","CQSYDSSNPHWVF",5
"1902","CQQYNNWPPGITF",5
"1903","CSAWDSSLSAYVF",5
"1904","CGTWDSSLNAGVF",5
"1905","CGTWDISLSAGVF",5
"1906","CGTWDSRLSAGVF",5
"1907","CYSTDSSGNHVF",5
"1908","CQQYGSSPLFSF",5
"1909","CQQYYSTPALTF",5
"1910","CQAWDSSTAEVF",5
"1911","CVLYMGSGVWVF",5
"1912","CCSFAGSSTWVF",5
"1913","CCSYAGTSTWVF",5
"1914","CCSYAGSFTLVF",5
"1915","CMQALQTPTWTF",5
"1916","CSSYTSSGTWVF",5
"1917","CQQYGSSPPSF",5
"1918","CQQRSNWPCSF",5
"1919","CQQVKSYPLTF",5
"1920","CQQYDTLPITF",5
"1921","CQQANSFPRSF",5
"1922","CETWDSNSWVF",5
"1923","GQRTYNAPRTF",5
"1924","GQRTY_MPLTF",5
"1925","CQQYDNLPSF",5
"1926","CQQYDNLPF",5
"1927","CQQYYNTPITF",5
"1928","CMQALQTPPLTF",5
"1929","CSSYTTSSTVVF",5
"1930","CQQYGSSPAF",5
"1931","CQQYGRSPPWTF",5
"1932","CQHYGSSPQTF",5
"1933","CQQRSNPLTF",5
"1934","CQVWDSSSDHSVF",5
"1935","CQQANSFPSITF",5
"1936","CQQRSNWPLSF",5
"1937","CQQSYDIPYTF",5
"1938","CQNYNSAPFTF",5
"1939","CQQYNSFPFTF",5
"1940","CQQYKSYPITF",5
"1941","CQQRSNWPPEVTF",5
"1942","CAAWDDSLSVWVF",5
"1943","CQQYGSSLSITF",5
"1944","CQQYDNLPSITF",5
"1945","CAVGGGADGLTF",5
"1946","CSSYAGSSNYVF",5
"1947","CSSYTSSTTRVF",5
"1948","CQQRSNWLYTF",5
"1949","CQQYYNSPITF",5
"1950","CQQYYSYPCSF",5
"1951","CQQYDNLRFTF",5
"1952","CQQYESLPLTF",5
"1953","CQQYISYPWTF",5
"1954","CQQYNSLPYTF",5
"1955","CQQYDSYSYTF",5
"1956","CMQATQLPRTF",5
"1957","CMQTLQSPPTF",5
"1958","CQQYHDLPLTF",5
"1959","CGTWDSSLSAFVF",5
"1960","CLQNNSYPRTF",5
"1961","CQQYGRAF",5
"1962","CQSYDSSLSALVF",5
"1963","CQQYKDWPPWTF",5
"1964","CQQSYSTPSWTF",5
"1965","CQQYDSLPYTF",5
"1966","CQQSYNAPRTF",5
"1967","CGTWDNSLSAWVF",5
"1968","CQQRSNWPMCSF",5
"1969","CHQSSTLPLTF",5
"1970","CQQYNNWPPSF",5
"1971","CQQRSSWPITF",5
"1972","CQAWGTGIRVF",5
"1973","CQQYYIYPLTF",5
"1974","CAAWDDSLNGRWVF",5
"1975","CATWDSSLSAWVF",5
"1976","CQQYNIWPPWTF",5
"1977","CQQYGGSPMYTF",5
"1978","CLQDYNFPYTF",5
"1979","CLQDYKYPWTF",5
"1980","CQTWGPGIRVF",5
"1981","CQHRRNWPLTF",5
"1982","CQQSYTMPLTF",5
"1983","CANEIRPNDYW",5
"1984","CMQGLQTPGTF",5
"1985","CMQGTHWPRAF",5
"1986","CQTWG_WHWVF",5
"1987","CQQYNSYSKTF",5
"1988","CGTWDSSLRAVVF",5
"1989","CQSYDSSNSWVF",5
"1990","CQQYSDWPPLTF",5
"1991","CMQALETPPTF",5
"1992","CQSYDSSLRGYVF",5
"1993","CNSYTSSSTWVF",5
"1994","CLQHDSYPLTF",5
"1995","CMQATQFPPTF",5
"1996","CQVWDSSSDPWVF",5
"1997","CQQYGSSPGSF",5
"1998","CQQYGSSRITF",5
"1999","CQQYSSSPYTF",5
"2000","CQQSYATPLTF",5
"2001","CQQYDSSPFTF",5
"2002","CQTWGTGLWVF",5
"2003","CQQRNSWPLTF",5
"2004","CMQALETPWTF",5
"2005","CMQSIELPLTF",5
"2006","CQQYGTSFTF",5
"2007","CQQSYSSLTF",5
"2008","CCSYAGGSTYVF",5
"2009","CQQRSNWPPEFTF",5
"2010","CQHYGRSPRTF",5
"2011","CQQYVSSPLTF",5
"2012","CQQRANWPLTF",5
"2013","CQVWDHSSDHYVF",5
"2014","CQQSFRTPLTF",5
"2015","CQQYSTYSTF",5
"2016","CAGMNYGGSQGNLIF",5
"2017","CQVWDSTSDHVVF",5
"2018","CATWDGRYYKKLF",5
"2019","CQQYGNSPPTF",5
"2020","CQAWDSDTVVF",5
"2021","CQQFENLPLTF",5
"2022","CAKEIRPNDYW",5
"2023","CMQGTQFPYTF",5
"2024","CQQSYNTPTF",5
"2025","CQQAHSFPWTF",5
"2026","CQQTYDTPLTF",5
"2027","CQHYGSSPPMYTF",5
"2028","CQVWDRSSDHVVF",5
"2029","CQQRYNWPRTF",5
"2030","CQQYNNWPLAF",5
"2031","CQQTYSPPFTF",5
"2032","CQQSYTFPRTF",5
"2033","CQQYNTWWTF",5
"2034","CQQYGGSPPVTF",5
"2035","CMQGLQTPPWTF",5
"2036","CQQYGDSPCSF",5
"2037","CQQSYSNPWTF",5
"2038","CQKYNSVPFTF",5
"2039","CMQGTHWPDTF",5
"2040","CMQALQSLTF",5
"2041","CAAWDDSLSGSYVF",5
"2042","CASWDDSLSGPVF",5
"2043","CAAWDDSLDGYVF",5
"2044","CATWDDSLSGYVF",5
"2045","CQSYDSRLSGWVF",5
"2046","CQQYNNWPPRTF",5
"2047","CQQRTNWPPLTF",5
"2048","CQQYGSSPRCSF",5
"2049","CLQHNAYPRTF",5
"2050","CHQYGSSPPTF",5
"2051","CMQSLQLPLTF",5
"2052","CQQYNSFSTF",5
"2053","CQQYDSSPPITF",5
"2054","CQQANSFPTF",5
"2055","CQQYNSYSTWTF",5
"2056","CMQALETPITF",5
"2057","CQQYDNLFTF",5
"2058","CQQYGSSPSYTF",5
"2059","CQQYDDWPPLTF",5
"2060","CQQSYSTSLTF",5
"2061","CMQSLQTPRTF",5
"2062","CQSADSSGTSYVF",5
"2063","CAAWDDSLNVYVF",5
"2064","CASWDDSLNAWVF",5
"2065","CQSYDTSLSGSVF",5
"2066","CNSYTSSSTYVF",5
"2067","CQQYGDSPLTF",5
"2068","CQQCDNLPLTF",5
"2069","CQQTYNTPRTF",5
"2070","CQHYNSYSRTF",5
"2071","CATWDSSLSAGVF",5
"2072","CAAWDDSLNVVF",5
"2073","CQQYYRTPPTF",5
"2074","CQQFDNFPLTF",5
"2075","CQQYSRYPLTF",5
"2076","CQQYNSFSRTF",5
"2077","CQQSYSTPFF",5
"2078","CQSYDSRLSGYVF",5
"2079","CQSYDNSLSASVF",5
"2080","CGTWDTSLSAWVF",5
"2081","CQQRASWPLTF",5
"2082","CQQFNSYPHTF",5
"2083","CQQADRFPLTF",5
"2084","CQQTYSTPQTF",5
"2085","CQQSYTIPYTF",5
"2086","CQQYNSYSCSF",5
"2087","CMQSIQVPLTF",5
"2088","CCSYAGSSTPYVF",5
"2089","CQQYSNWPPITF",5
"2090","CQQYNNWPTWTF",5
"2091","CQQANSFPLFTF",5
"2092","CQQYNDWPPVTF",5
"2093","CCSYAGSDTWVF",5
"2094","CCSYAGSSSYVF",5
"2095","CCSYAGDYTYVF",5
"2096","CSSYTSTSTWVF",5
"2097","CQQYGSSAWTF",5
"2098","CQHYDSLPLTF",5
"2099","CQQYYTYPRTF",5
"2100","CQQYGISPLTF",5
"2101","CQQASSFPWTF",5
"2102","CQQYANLPITF",5
"2103","CQQYDTYPITF",5
"2104","CMQALQTPGSF",5
"2105","CMQALQTTWTF",5
"2106","CMQGTHWWTF",5
"2107","CQQRSNWTF",5
"2108","CLQHYSYPLTF",5
"2109","CMQATYFPRTF",5
"2110","CQQYNDWPPAYTF",5
"2111","CMQARQTPITF",5
"2112","CAAWDDSLNGRYVF",5
"2113","CQQYYSTPMYTF",5
"2114","CQQYYGTPQTF",5
"2115","CQQYHSSPWTF",5
"2116","CGADHGSGSNFVVVF",5
"2117","CQSADSSGTFVVF",5
"2118","CQHYNNWPPYTF",5
"2119","CQSYDNNNWVF",5
"2120","CQQSYTSPYTF",5
"2121","CQQRNNWPWTF",5
"2122","CQVWDSSRDHVVF",5
"2123","CQQADSFPPTF",5
"2124","CQQYDTLPYTF",5
"2125","CQQANSFPVTF",5
"2126","CQVWDSNSDHWVF",5
"2127","CASWDDSLNGYVF",5
"2128","CQQYGSSRTWTF",5
"2129","CQQYNTWPPYTF",5
"2130","CQQRSNWPRGTF",5
"2131","CASSLRGNEQFF",5
"2132","CQQYGSFPYTF",5
"2133","CQAWDTTTVVF",5
"2134","CQQYYSNPRTF",5
"2135","CQQSFSSPWTF",5
"2136","CQQSYISPWTF",5
"2137","CQQSYNSPFTF",5
"2138","CQQYNSYSATF",5
"2139","CQQYSSYSRTF",5
"2140","CMQGRQTPYTF",5
"2141","CQQYGRSPTF",5
"2142","CQQRSSWPTF",5
"2143","CQQANSF",5
"2144","CQQYGKSPWTF",5
"2145","CQQYDNLLPLTF",5
"2146","CQSYDSNNVVF",5
"2147","CQQRYNWPPTF",5
"2148","CQQYNSFPITF",5
"2149","CAVWDDSLNGVVF",5
"2150","CQSYDSSLSDVVF",5
"2151","CQVWDSSSDWVF",5
"2152","CQSYDSSLRGVF",5
"2153","CMQGTHWPLYTF",5
"2154","CQTWGT_AFWVF",5
"2155","CQQYTNWPRTF",5
"2156","CQQRSNWPATF",5
"2157","CQQYNSHWTF",5
"2158","CSSYTTSNTYVF",5
"2159","CQHYDNLPITF",5
"2160","CQQYKTYPWTF",5
"2161","CQQYDSLPITF",5
"2162","CQQYNSYLRTF",5
"2163","CQQSHSSPLTF",5
"2164","CATWDDTLSGRVF",5
"2165","CLQHNGYPWTF",5
"2166","CQQYDNVPYTF",5
"2167","CQQYKSYWTF",5
"2168","CQSYDSSLSVYVF",5
"2169","CLQDFNYPRTF",5
"2170","CQQLNTYPFTF",5
"2171","CQQAKSFPYTF",5
"2172","CQQSDSSPLTF",5
"2173","CQVWDSGTVVF",5
"2174","CQQYRSYPWTF",5
"2175","CQVWDSSSDHVIF",5
"2176","CAAWDDSLHGVVF",5
"2177","CQSYDSNNHWVF",5
"2178","CQQYYTAPYTF",5
"2179","CQQYGSSVWTF",5
"2180","CMIWHSSASVF",5
"2181","CLQHKSYPLTF",5
"2182","CQQYDNYPLTF",5
"2183","CQQGYSTPWTF",5
"2184","CSLYTSSSTYVF",5
"2185","CQQRSIWPLTF",5
"2186","CQQYYSIPHTF",5
"2187","CQQYDNPLFTF",5
"2188","CMQALQTPCTF",5
"2189","CASWDDSLSGVVF",5
"2190","CQHLNSYPITF",5
"2191","CQVWDSNSDHYVF",5
"2192","CQQYYSTSWTF",5
"2193","CEAWDDSLNGPVF",5
"2194","CQQYNKWPPFTF",5
"2195","CSSYAGSNTYVF",5
"2196","CMQPLQTPLTF",5
"2197","CQAWDSSTALVF",5
"2198","CQQYGTSPETF",5
"2199","CQQYDDLPYTF",5
"2200","CQQFDSYPLTF",5
"2201","CQQSYTIPRTF",5
"2202","CQVWDTSSDHYVF",5
"2203","CQAWDSSTAYVVF",5
"2204","CCSYAGSYTFEVF",5
"2205","CGTWDSSLRAGVF",5
"2206","CLLYMGSGISVF",5
"2207","CLQHNSYPMYTF",5
"2208","CQQYDNSPPWTF",5
"2209","CQQYNNWLMYTF",5
"2210","CQAWDSSTYYVF",5
"2211","CQAWDSSTDYVF",5
"2212","CMQGTHWPLLTF",5
"2213","CLQHDNFPRTF",5
"2214","CLQDDSYPLTF",5
"2215","CHQYYSSPWTF",5
"2216","CQQYNNWPATF",5
"2217","CQQANSLPLTF",5
"2218","CQQYYSTPRSF",5
"2219","CQQYHSTPYTF",5
"2220","CQQSFTTPRTF",5
"2221","CQQSYTTPRSF",5
"2222","CMQGLQTLFTF",5
"2223","CQQSYSSPTF",5
"2224","CMQALQTPRF",5
"2225","CMQTLQTWTF",5
"2226","CQQYYITPFTF",5
"2227","CQQSYNIPWTF",5
"2228","CQQYNSYSALTF",5
"2229","CQQYGGSLTF",5
"2230","CMQATQFPTF",5
"2231","CGTWDGSLSAGVF",5
"2232","CQQTYSSPLTF",5
"2233","CQQYDTSPFTF",5
"2234","CQQYNDYPYTF",5
"2235","CMQALHTPYTF",5
"2236","CMQALQTLRTF",5
"2237","CQSADSSGTYQVF",5
"2238","CQQYGSSLGTF",5
"2239","CQQYGTSPNTF",5
"2240","CLLYYGGAVVF",5
"2241","CYSAADNNWVF",5
"2242","CQQYINWPLTF",5
"2243","CQQSYSAPCTF",5
"2244","CQQRSNWPPLLTF",5
"2245","CQQYVSSPWTF",5
"2246","CQQYYATPLTF",5
"2247","CQQYNSYPQTF",5
"2248","CQSYDSSLSGWGVF",5
"2249","CQQYGTSPPYTF",5
"2250","CLLSYSGARRVF",5
"2251","CMQALQTPLYTF",5
"2252","CQQAKTFPYTF",5
"2253","CQQSFSVPLTF",5
"2254","CQKYDSVPLTF",5
"2255","CAAWDDSLNDYVF",5
"2256","CAAWDDSLIGWVF",5
"2257","CCSYAGSYTYVVF",5
"2258","CSSYAGNNNYVF",5
"2259","CQQYYTLPLTF",5
"2260","CQQTYRTPWTF",5
"2261","CQQYNNFPRTF",5
"2262","CQQYHSFPYTF",5
"2263","CMQALQTALTF",5
"2264","CCSYAGSRVF",5
"2265","CMQALQTLF",5
"2266","CQSADSSGVVF",5
"2267","CQQYNFWPRTF",5
"2268","CQQYYSYPPYTF",5
"2269","CQQRSNWPPKLTF",5
"2270","CQQYY_VLLTF",5
"2271","CMQATYWPYTF",5
"2272","CQQSYTSPFTF",5
"2273","CQQYGSSVSYTF",5
"2274","CAVESNFGNEKLTF",5
"2275","CQAWDSSTFVF",5
