"","CDR3aa","N"
"1","CQQYGSSPWTF",46
"2","out_of_frame",46
"3","CQQYGSSPRTF",46
"4","CQQYGSSPLTF",46
"5","CQQYNNWPPLTF",46
"6","CQQRSNWPLTF",46
"7","CQQSYSTPLTF",46
"8","CQQSYSTPRTF",45
"9","CQQYGSSPYTF",45
"10","CMQALQTPRTF",45
"11","CQQYNSYPWTF",45
"12","CQQYNSYWTF",45
"13","CQQYYSTPLTF",45
"14","CMQALQTPLTF",45
"15","CQQSYSTPYTF",45
"16","CQAWDSSTVVF",45
"17","CQQANSFPLTF",45
"18","CQQYNSYSRTF",45
"19","CQQSYSTPWTF",45
"20","CQQYYSTPRTF",45
"21","CMQALQTPITF",44
"22","CQQYNNWPPWTF",44
"23","CMQALQTPWTF",44
"24","CQQYNSYSWTF",44
"25","CMQALQTPYTF",44
"26","CQQYNNWPLTF",44
"27","CQQYNNWPPITF",44
"28","CQQYNNWPRTF",44
"29","CLQDYNYPRTF",44
"30","CQQYNSYPLTF",44
"31","CQQYDNLPLTF",44
"32","CMQALQTPPTF",44
"33","CQQYNSYPYTF",44
"34","CQQRSNWPPTF",44
"35","CMQGTHWPLTF",44
"36","CQQYNSYSTF",44
"37","CQQYNNWPPYTF",43
"38","CQQYYSTPYTF",43
"39","CQQSYSTPPTF",43
"40","CQQLNSYPLTF",43
"41","CQQYGSSPITF",43
"42","CQQYGSSPPTF",43
"43","CQQYGSSLWTF",43
"44","CQQANSFPRTF",43
"45","CQQYGSSPQTF",43
"46","CGTWDSSLSAVVF",43
"47","CQQYGSSPFTF",43
"48","CQQSYSTPFTF",43
"49","CQQYGSSPGTF",43
"50","CLQHNSYPWTF",42
"51","CQAWDSSTAVF",42
"52","CGTWDSSLSAGVF",42
"53","CMQGTHWPYTF",42
"54","CQQYDNLPYTF",42
"55","CLQHNSYPRTF",42
"56","CQQYYSTPPTF",42
"57","CQQYYSTPWTF",42
"58","CMQGTHWPPTF",42
"59","CQQANSFPITF",42
"60","CQQYGSSPTF",41
"61","CQQRSNWPPLTF",41
"62","CQKYNSAPRTF",41
"63","CSSYTSSSTLVF",41
"64","CQKYNSAPLTF",41
"65","CQQYGSSPPYTF",41
"66","CQQRSNWPRTF",41
"67","CQQYNSYSYTF",41
"68","CQQYGSSLTF",41
"69","CSSYTSSSTVVF",41
"70","CQQANSFPFTF",40
"71","CQSYDSSLSGSVF",40
"72","CQQYNNWPWTF",40
"73","CSSYAGSNNLVF",40
"74","CQQYNNWPYTF",40
"75","CQQRSNWPPITF",40
"76","CMQALQTPTF",40
"77","CMQATQFPYTF",40
"78","CQQRSNWPPWTF",40
"79","CQQRSNWPITF",40
"80","CALWEVQELGKKIKVF",39
"81","CQQYNNWPQTF",39
"82","CMQGTHWPWTF",39
"83","CSSYTSSSTWVF",39
"84","CMQALQTPFTF",39
"85","CQQYNSYPFTF",39
"86","CQQYNSYPITF",39
"87","CQQYGSSRTF",39
"88","CLQDYNYPWTF",39
"89","CQVWDSSSDHVVF",39
"90","CQKYNSAPWTF",39
"91","CAAWDDSLNGVVF",39
"92","CSSYTSSSTLVVF",39
"93","CQQYYSYPRTF",39
"94","CQSADSSGTYVVF",39
"95","CQQSYSTPITF",39
"96","CMQGTHWPRTF",39
"97","CQQYGSSPPLTF",38
"98","CQQYGSSPPWTF",38
"99","CLQHNSYPLTF",38
"100","CQQANSFPYTF",38
"101","CSSYTSSSTYVF",38
"102","CQQYGSSPPITF",38
"103","CQQSYSTLWTF",38
"104","CQQYYSTPQTF",38
"105","CAAWDDSLNGPVF",37
"106","CQKYNSAPFTF",37
"107","CQQYDNLPITF",37
"108","CAVRDSNYQLIW",37
"109","CQQANSFPPTF",37
"110","CCSYAGSSTWVF",37
"111","CQQYDNLPPTF",37
"112","CQQRSNWPTF",37
"113","CQQRSNWPWTF",37
"114","CQQYYSYPLTF",37
"115","CAAWDDSLNGWVF",36
"116","CAAWDDSLSGVVF",36
"117","CCSYAGSSTLVF",36
"118","CQQSYSTPQTF",36
"119","CAAWDDSLSGWVF",36
"120","CQQANSFPWTF",35
"121","CQSYDSSLSGYVF",35
"122","CQQYNNWPGTF",35
"123","CQQRSNWLTF",35
"124","CQQYNNWWTF",35
"125","CQQYNSYSGTF",35
"126","CMQSIQLPLTF",35
"127","CQQYGSSPMYTF",35
"128","CQQYNSYPRTF",35
"129","CMQATQFPLTF",35
"130","CQQRSNWPPYTF",35
"131","CQSYDSSLSGWVF",35
"132","CQQYNNWPFTF",34
"133","CMQATQFPRTF",34
"134","CAVMDSNYQLIW",34
"135","CNSRDSSGNHVVF",34
"136","CAAWDDSLSGPVF",34
"137","CQQYYSTPFTF",34
"138","CQQYNSYPPTF",34
"139","CQQYYTTPYTF",34
"140","CQQSYSTPPYTF",34
"141","CSSYTSSSTRVF",34
"142","CMQGTHWPPYTF",33
"143","CQQYNSYLYTF",33
"144","CQQYNSYSLTF",33
"145","CAAWDDSLNGYVF",33
"146","CQQYNNWPPMYTF",33
"147","CQQYYSYPWTF",33
"148","CQQYGSSPKTF",32
"149","CQQYNSYSPWTF",32
"150","CQQYNNWPPTF",32
"151","CQQYDNLPFTF",32
"152","CSSYTSSSTLYVF",32
"153","CQQYGSSPTWTF",32
"154","CQQLNSYPRTF",32
"155","CQQYGSSPLYTF",32
"156","CQAWDSSTGVF",31
"157","CCSYAGSSTYVF",31
"158","CMQALQTPHTF",31
"159","CQQLNSYPITF",31
"160","CQVWDSSSDHYVF",31
"161","CLQHNSYPPTF",31
"162","CLQHNSYPYTF",31
"163","CQQYGSSPVTF",31
"164","CQQSYSTPTF",31
"165","CQQYGSSPETF",31
"166","CSYNSPLHF",31
"167","CCSYAGSYTYVF",31
"168","CMQATQFPWTF",31
"169","CQQRSNWPGTF",31
"170","CQSYDSSLSGVVF",31
"171","CNSRDSSGNHLVF",31
"172","CQQYYSTPITF",30
"173","CQVWDSSSDHWVF",30
"174","CQQYGSSSWTF",30
"175","CQQYGSSLYTF",30
"176","CQQSYSTLYTF",30
"177","CGTWDSSLSAYVF",30
"178","CSSYTSSSTPYVF",30
"179","CMQGTHWPPITF",30
"180","CMQALQTRTF",30
"181","CQQYGSSPPVTF",30
"182","CQQYNNWPTF",30
"183","CQQYYSTPTF",30
"184","CCSYAGSYTWVF",30
"185","CGTWDSSLSAWVF",29
"186","CQQYGTSPWTF",29
"187","CQQYNNWPPFTF",29
"188","CQQYNSYSPYTF",29
"189","CMQALQTPGTF",29
"190","CQQYGTSPRTF",29
"191","CQQSYSTPHTF",29
"192","CQQSYSTPGTF",29
"193","CQQYYTTPLTF",29
"194","CLQDYNYPYTF",29
"195","CQQYDNLPPYTF",29
"196","CMQALQTLTF",28
"197","CMQALQTPQTF",28
"198","CMQATQFPHTF",28
"199","CQQRSNWPPFTF",28
"200","CQQYGTSPLTF",28
"201","CQQYNTYWTF",28
"202","CQAWDSSTYVVF",28
"203","CQQYYSYPYTF",28
"204","CQQYNNWPPVTF",28
"205","CMQALQTPPYTF",28
"206","CYSTDSSGNHRVF",28
"207","CLQDYNYPLTF",28
"208","CQQYGSSPLFTF",28
"209","CQQSYSTLLTF",28
"210","CQQYNDWPRTF",28
"211","CQQYYSTPPYTF",28
"212","CQQADSFPLTF",27
"213","CQQYNSYSQTF",27
"214","CQQYDNLPRTF",27
"215","CQQYGNSPRTF",27
"216","CHQSSSLPWTF",27
"217","CAAWDDSLNGRVF",27
"218","CQQSYNTPRTF",27
"219","CQQYNTYPYTF",27
"220","CQQYNNWPPGTF",27
"221","CMQALQTPVTF",27
"222","CMIWHSSAWVF",27
"223","CQQRSDWPLTF",27
"224","CQQYDNLLTF",27
"225","CQQYGSSPRYTF",27
"226","CQQYGTSPYTF",26
"227","CQQSYTTPRTF",26
"228","CQQYGSSWTF",26
"229","CQSADSSGTYVF",26
"230","CQQSYSTLTF",26
"231","CQQYNSYRTF",26
"232","CAVMDSSYKLIF",26
"233","CAAWDDSLSGYVF",26
"234","CQQYGSSRWTF",26
"235","CQQYGSSLFTF",26
"236","CQQYGSSLLTF",26
"237","CQQRSNWPFTF",26
"238","CQQSYSTPPWTF",25
"239","CQQYYSSPLTF",25
"240","CHQSSSLPLTF",25
"241","CALWEVRELGKKIKVF",25
"242","CQQYNSYYTF",25
"243","CQQSYSTSWTF",25
"244","CQQYNTYPLTF",25
"245","CQQSYTTPLTF",25
"246","CMQGLQTPYTF",25
"247","CMQGLQTPLTF",25
"248","CQQLNSYPYTF",25
"249","CQQLNSYPFTF",25
"250","CQQYDSYPWTF",25
"251","CQQRSNWPQTF",25
"252","CVLYMGSGIWVF",25
"253","CQQRSNWPYTF",25
"254","CAAWDDSLSGRVF",25
"255","CQAWDSNTVVF",25
"256","CQAWDSSTAVVF",25
"257","CMQRIEFPYTF",25
"258","CQTWGTGIRVF",25
"259","CVVSDRGSTLGRLYF",24
"260","CMQALQTPPWTF",24
"261","CQQYYNTPLTF",24
"262","CMQTLQTPLTF",24
"263","CQQRSSWPLTF",24
"264","CQQRSNWITF",24
"265","CQQYNNWPITF",24
"266","CMQALQTWTF",24
"267","CQQYGSSPPMYTF",24
"268","CQQYYTTPRTF",24
"269","CAVLDSNYQLIW",24
"270","CQQYGGSPRTF",24
"271","CQQYNNYWTF",24
"272","CQQYNNWPSWTF",24
"273","CSAWDSSLSAWVF",24
"274","CQQSYTTPYTF",24
"275","CQQYDNLLLTF",24
"276","CQQYYSTPPWTF",24
"277","CMQGTHWPFTF",24
"278","CQKYNSAPYTF",24
"279","CQHYNNWPPWTF",24
"280","CVLYMGSGISVF",24
"281","CSSYAGSNNYVF",24
"282","CQQYNNWLTF",24
"283","CQQYGRSPWTF",23
"284","CQQYDNLPTF",23
"285","CNSRDSSGNHWVF",23
"286","CHQSSSLPYTF",23
"287","CQQYNDWPLTF",23
"288","CQQYNTYPWTF",23
"289","CQQRSNWPVTF",23
"290","CCSYAGSYTLVF",23
"291","CQQSYSSPYTF",23
"292","CQQSYSTPPLTF",23
"293","CQQYGSSPNTF",23
"294","CQQYGSSPTTF",23
"295","CQQYYTTPWTF",23
"296","CQQYGSSRYTF",23
"297","CSSYTSSSTHVVF",23
"298","CQQYGSSPPFTF",23
"299","CQQYYSTPHTF",23
"300","CQQYGNSPLTF",23
"301","CQSADSSGTYWVF",23
"302","CMQGTHWPPWTF",23
"303","CQQYNNWPLYTF",23
"304","CQQSYSTRTF",23
"305","CQQANSFPVTF",22
"306","CALWEAQELGKKIKVF",22
"307","CQQYGSSRGTF",22
"308","CQQYNNWRTF",22
"309","CQQSYSSPRTF",22
"310","CQQYGSSFTF",22
"311","CQQYNSYSITF",22
"312","CQQYYSYPPTF",22
"313","CQQYGSSITF",22
"314","CQQYYSTLWTF",22
"315","CAAWDDSLNGLVF",22
"316","CQQYGSSQWTF",22
"317","CMQRIEFPWTF",22
"318","CQQSYSSPLTF",22
"319","CQQYYSIPLTF",22
"320","CQSADSSGTWVF",22
"321","CQQYDNLPPLTF",22
"322","CLLSYSGARVF",22
"323","CQTWGTGIQVF",22
"324","CQQYYSFPLTF",22
"325","CAVKDSNYQLIW",22
"326","CQQSYSTPMYTF",22
"327","CSSYTSSSTLGVF",22
"328","CQQYGSSLITF",22
"329","CQQYNSWPLTF",22
"330","CQQYYSFPWTF",22
"331","CQQYGNSPWTF",21
"332","CQQYDNLPVTF",21
"333","CQQYNSYLWTF",21
"334","CAVVDSNYQLIW",21
"335","CQQRSNWPSITF",21
"336","CQQFNSYPLTF",21
"337","CQQYYSTPVTF",21
"338","CQQYGSSPRWTF",21
"339","CQQYYNTPRTF",21
"340","CAAWDYYKKLF",21
"341","CQQSYSTLFTF",21
"342","CSSYTSSSTPVVF",21
"343","CQSYDSSLSAYVF",21
"344","CQQYYSSPFTF",21
"345","CQQRSNWPLLTF",21
"346","CQQSYSTPPITF",21
"347","CQQYNSYSPTF",21
"348","CQAWDSSTYVF",21
"349","CQSYDSSLSVVF",21
"350","CQQSYSTPVTF",21
"351","CMQGTHWPGTF",21
"352","CQQYYSAPLTF",21
"353","CQQYYSTPPLTF",21
"354","CQQYNNWPPNTF",21
"355","CQQYNNWPPRTF",21
"356","CMQALQTPNTF",21
"357","CQQYDSYPYTF",21
"358","CQQLNSYPPTF",20
"359","CQQYDSSPWTF",20
"360","CQQYGSSYTF",20
"361","CQQYGSSSITF",20
"362","CQQYNNWPKTF",20
"363","CQQRSNWPPSITF",20
"364","CQQYNTYSRTF",20
"365","CQQYNDWPPLTF",20
"366","CQQSYTTPWTF",20
"367","CQQYNSYSPLTF",20
"368","CQQYYSSPYTF",20
"369","CQQYGSSQTF",20
"370","CQQYGRSPRTF",20
"371","CQQRSNWPPMYTF",20
"372","CGTWDSSLSVVVF",20
"373","CQQYGSSPSITF",20
"374","CQAWDSSSVVF",20
"375","CCSYAGSSTVVF",20
"376","CMQRIEFPLTF",20
"377","CQQYNSYPVTF",20
"378","CQQRNNWPLTF",20
"379","CLQHNSYPFTF",20
"380","CCSYAGSSTFVVF",20
"381","CQQYYSIPYTF",20
"382","CAAWDDSLNGHVVF",20
"383","CDNNNDMRF",20
"384","CQQYGSSQYTF",20
"385","CQQYYSFPYTF",20
"386","CAAMDSNYQLIW",20
"387","CQQYYSTPSTF",20
"388","CQQYYSFPRTF",20
"389","CQQRSNWPPVTF",20
"390","CQQYNSYPGTF",20
"391","CQQYGTSLTF",20
"392","CQSYDSSLSGSGVF",20
"393","CQQYNNWPSF",20
"394","CGTWDSSLSVWVF",19
"395","CQSYDSSNVVF",19
"396","CQQYDSYPLTF",19
"397","CQQSYSAPYTF",19
"398","CALWEVEELGKKIKVF",19
"399","CMQALQTLYTF",19
"400","CQQYGTSPITF",19
"401","CQQYNSYPHTF",19
"402","CQQTYSTPRTF",19
"403","CQQYGRSPLTF",19
"404","CQQYYRTPLTF",19
"405","CQAWDSSIVVF",19
"406","CLQHDNFPLTF",19
"407","CQQYGGSPYTF",19
"408","CQQYNSLWTF",19
"409","CQQYNSYSNTF",19
"410","CMQALQTPLFTF",19
"411","CHQSSSLPITF",19
"412","CQQSYSTRWTF",19
"413","CQQYGSSSLTF",19
"414","CQQYDNWPLTF",19
"415","CQQYDSLPLTF",19
"416","CQAWDSSTDVVF",19
"417","CQQYGSSPPGTF",19
"418","CQQYGSSPSTF",19
"419","CQTWGTGIVVF",19
"420","CMQSIQLPITF",19
"421","CQVWDSSTVVF",19
"422","CNSRDSSGNHYVF",19
"423","CQSYDSSLSGSRVF",19
"424","CQQYGSSPHTF",19
"425","CQQYGSSSYTF",19
"426","CQKYNSAPQTF",19
"427","CQHRSNWPLTF",19
"428","CQQSYSIPYTF",19
"429","CQQYNNWPPKTF",19
"430","CSSYTSSSTQVF",19
"431","CQQYGGSPLTF",18
"432","CQQYNTYSTF",18
"433","CMQALQTPPITF",18
"434","CQQYYNTPYTF",18
"435","CALWEVLELGKKIKVF",18
"436","CQQSYSIPRTF",18
"437","CQQYDSSPRTF",18
"438","CQQYNTYSWTF",18
"439","CQQYYSTLTF",18
"440","CHQYGSSPRTF",18
"441","CQQYSSYWTF",18
"442","CQQYDSSPLTF",18
"443","CQQSYSSPPTF",18
"444","CQQRSNWPLF",18
"445","CQSYDSSNWVF",18
"446","CQQYGSSPRITF",18
"447","CQQYNSFPWTF",18
"448","CQQYKSYPWTF",18
"449","CQQYDNWPRTF",18
"450","CQQRSNWPSLTF",18
"451","CQQSYSTSITF",18
"452","CQQYGSSPRLTF",18
"453","CQQYGNSPYTF",18
"454","CQQYGSSTWTF",18
"455","CAVSDSNYQLIW",18
"456","CQQSYNTPWTF",18
"457","CQQSYSAPLTF",18
"458","CQQSYSTPSTF",18
"459","CQQYYSYPITF",18
"460","CQQYNNWPLF",18
"461","CQQYNNWPPTWTF",18
"462","CLQYNSYPRTF",18
"463","CQQYGSSLTWTF",18
"464","CQQYGSSPGLTF",18
"465","CQVWDSSSDHRVF",18
"466","CQQSYSTPKTF",18
"467","CLQHNSYPITF",18
"468","CQQYNNWPLWTF",18
"469","CAVNTGGFKTIF",18
"470","CQQSYSTLITF",18
"471","CQQYNNWYTF",18
"472","CQQRSNSLTF",18
"473","CQQSYSTPLYTF",18
"474","CMQATHFPRTF",18
"475","CMQATQFPFTF",18
"476","CMQGLQTPITF",17
"477","CQQYNNWPTWTF",17
"478","CQQTYSTPYTF",17
"479","CQQYNSYPTF",17
"480","CQQYGDSPWTF",17
"481","CAVTDSNYQLIW",17
"482","CQQRSNWLWTF",17
"483","CQQYGGSPWTF",17
"484","CCSYAGSYTVVF",17
"485","CSSYTSSNTLVF",17
"486","CQQYNDWPPITF",17
"487","CQQRSNWLYTF",17
"488","CQQYDDLPLTF",17
"489","CQQYYSSPPTF",17
"490","CQQYYNWPRTF",17
"491","CQHYNSYPLTF",17
"492","CQQYDNLPPITF",17
"493","CQQYNNYPLTF",17
"494","CQAWDSSVVF",17
"495","CSSYAGSNNVVF",17
"496","CQQYNNWPRGTF",17
"497","CQQSYSTPPFTF",17
"498","CQQSYNTPLTF",17
"499","CQQYGSSPLF",17
"500","CQQRTNWPLTF",17
"501","CQQSYSIPLTF",17
"502","CQQYNSYSSWTF",16
"503","CALWEVGELGKKIKVF",16
"504","CMQTLQTPRTF",16
"505","CQQSYSTPTWTF",16
"506","CQQYGSSLRTF",16
"507","CQQSYSTPLFTF",16
"508","CQQRSNWPPALTF",16
"509","CQQYGSSF",16
"510","CQAWDSSTHVVF",16
"511","CQQYNKWPLTF",16
"512","CQQYYSIPWTF",16
"513","CATWDDSLNGVVF",16
"514","CYSTDSSGNHWVF",16
"515","CAVRDGDYKLSF",16
"516","CQQSYSTPLF",16
"517","CQQYNNWPVTF",16
"518","CQQYGSSTGTF",16
"519","CLLYYGGAWVF",16
"520","CALWEPQELGKKIKVF",16
"521","CQQRSNWWTF",16
"522","CQQRSNWPPGTF",16
"523","CMQATHWPWTF",16
"524","CQQYYSSPRTF",16
"525","CMQSLQTPLTF",16
"526","CMQGLQTPRTF",16
"527","CQQYNSFPLTF",16
"528","CQQRSNWPPLFTF",16
"529","CQQYNSYSKTF",16
"530","CSSYTSSSVVF",16
"531","CSSYTSSSTLDVVF",16
"532","CHQSSSLPQTF",16
"533","CQQSYSTLGTF",16
"534","CQQYYSYPQTF",16
"535","CQQYNNWPPRYTF",16
"536","CCSYAGSYTFVVF",16
"537","CAVNDYKLSF",16
"538","CQQYYTTPPTF",16
"539","CMQALQTPKTF",16
"540","CMQATHWPYTF",16
"541","CQQYNNWLWTF",16
"542","CQQYYSSPWTF",16
"543","CQQYGSSPGYTF",16
"544","CQQYNNWPPLYTF",16
"545","CQQLNTYPLTF",16
"546","CMQGTHWPITF",16
"547","CQQSYSTLRTF",16
"548","CQQRSNWPPGITF",16
"549","CQQYYTYPLTF",16
"550","CQQSYSTPALTF",16
"551","CAAWDDSLSGHVVF",16
"552","CQQRGNWPLTF",16
"553","CQQYDNLPWTF",16
"554","CQQYGSSVTF",16
"555","CQQYYSPPLTF",15
"556","CMQALQTLWTF",15
"557","CMQGTHWPHTF",15
"558","CALWEVKELGKKIKVF",15
"559","CQQYYSPPWTF",15
"560","CQQYGSSRLTF",15
"561","CQQYDNWPPYTF",15
"562","CMQALQIPLTF",15
"563","CQQRSNWPPGLTF",15
"564","CQQYYSAPRTF",15
"565","CQQYGSSPSWTF",15
"566","CLQHNTYPLTF",15
"567","CQQSYSTSYTF",15
"568","CQTWGTGIWVF",15
"569","CQQYGRSPYTF",15
"570","CYSTDSSGNHRGVF",15
"571","CQQYYSFPPTF",15
"572","CHTGNSEEDMVW",15
"573","CMQALQTPPAF",15
"574","CMQGTHWPPLTF",15
"575","CETWDSNTRVF",15
"576","CQQYGRSPITF",15
"577","CQQYGSSPDTF",15
"578","CQQYNSYSTWTF",15
"579","CQQSYSSPWTF",15
"580","CQQYNDWPPWTF",15
"581","CGADHGSGSNFVWVF",15
"582","CAAWDDSLNAVVF",15
"583","CQQYNKWPPLTF",15
"584","CQQRSNWPSF",15
"585","CQQYYSIPRTF",15
"586","CQQYGTSPFTF",15
"587","CQSADSSGTYRVF",15
"588","CQQRSNWPPIFTF",15
"589","CQQRYNWPLTF",15
"590","CMQALQIPYTF",15
"591","CQQYNSYTWTF",15
"592","CQQSYNTPYTF",15
"593","CQQYNSFWTF",15
"594","CQQYDTYPLTF",15
"595","CQQSYITPYTF",15
"596","CQQRSTWPLTF",15
"597","CQQYDTYPWTF",15
"598","CAVNQAGTALIF",15
"599","CATWDDSLNGPVF",15
"600","CLLYYGGARVF",15
"601","CQQANTFPLTF",15
"602","CQSYDSSNQVF",15
"603","CMQGTHWPPFTF",15
"604","CQQSYRTPLTF",15
"605","CQQSFSTPRTF",15
"606","CSSYAGSNNFVF",15
"607","CAAWDDSLSGLVF",15
"608","CQSYDSSLSGSVVF",15
"609","CMQGTHWPPAF",15
"610","CQQYNNYPYTF",15
"611","CQQSYSTLTWTF",15
"612","CMQALQTITF",15
"613","CSSYTSSSTLF",15
"614","CSSYAGSNNFVVF",15
"615","CQQYGDSPRTF",15
"616","CQSYDSSLSAWVF",15
"617","CQQYNNWPETF",15
"618","CLQHNTYPRTF",15
"619","CGADHGSGSNFVYVF",15
"620","CQAWDSSTASYVF",14
"621","CQQYGSSRITF",14
"622","CNSRDSSGNHRVF",14
"623","CQQSYSPPLTF",14
"624","CQQTNSFPLTF",14
"625","CMQPLQTPYTF",14
"626","CSSYTTSSTLVF",14
"627","CQQYYNTPWTF",14
"628","CQQYYTTPFTF",14
"629","CGTWDSSLSVVF",14
"630","CQQYNNWPPSTF",14
"631","CQQYNNWPRAF",14
"632","CHQYGSSPWTF",14
"633","CHQYGSSPYTF",14
"634","CQQYDNLITF",14
"635","CQQSYSTPSITF",14
"636","CQQRSNWPPAF",14
"637","CQKYDSAPLTF",14
"638","CALWEDQELGKKIKVF",14
"639","CQQYNNWPLLTF",14
"640","CQQYNTYPRTF",14
"641","CQQFNSYPITF",14
"642","CQQSYSTPRFTF",14
"643","CQQYKNWPPWTF",14
"644","CQQYDNLPPAF",14
"645","CQQSYSTTWTF",14
"646","CQQYGSSPSF",14
"647","CAAWDYKKLF",14
"648","CQQYKSYPLTF",14
"649","CQQYGSSPRFTF",14
"650","CQQRSSWPPLTF",14
"651","CSSYTSSSTLEVF",14
"652","CQQSYSTPNTF",14
"653","CQQYGNSPFTF",14
"654","CQQYNSYSGYTF",14
"655","CMQGTHWPQTF",14
"656","CQQYKNWPRTF",14
"657","CQQYNNWPRYTF",14
"658","CQQYYSIPFTF",14
"659","CMQALQTLFTF",14
"660","CQQYDNLYTF",14
"661","CMQALQTLLTF",14
"662","CGTWDSSLSGVVF",14
"663","CQQYYSPPYTF",14
"664","CCSYAGSSTFVF",14
"665","CQQYNSFPYTF",14
"666","CQQYRTF",14
"667","CQQYDNWPPWTF",14
"668","CLLSYSGAWVF",14
"669","CQQYDNWPPITF",14
"670","CQAWDSSTFYVF",14
"671","CQQYSSYPYTF",14
"672","CQQRSNWLLTF",14
"673","CQQSYSTPRLTF",14
"674","CMQSIQLPRTF",14
"675","CMQSIQLPPTF",14
"676","CQQYYSTRTF",14
"677","CQQYNNWPRWTF",14
"678","CQQASSFPLTF",14
"679","CQQYYGTPLTF",14
"680","CMQATQFPITF",14
"681","CNSRDSSGNHLVVF",14
"682","CQQRSNWPPGYTF",14
"683","CQQYNSYQYTF",14
"684","CMQTLQTPWTF",14
"685","CQQYNNYPWTF",14
"686","CMQALQTPDTF",14
"687","CASSLGETQYF",14
"688","CQQYDSYWTF",14
"689","CSSYTSSSTLDVF",14
"690","CQQYYNTPPTF",14
"691","CQQYSSYPLTF",14
"692","CQQLNSYPPITF",14
"693","CQQYNSWPRTF",14
"694","CQQSYSTLMYTF",14
"695","CQQYNSYSVTF",14
"696","CQQAKSFPLTF",14
"697","CQQYGSSPLWTF",13
"698","CQQYHNWPPLTF",13
"699","CMQGLQTPFTF",13
"700","CQQRSNWPPRITF",13
"701","CQQYHNWPPITF",13
"702","CMQALQTPTTF",13
"703","CLQHNTYPWTF",13
"704","CQQYDTLPLTF",13
"705","CQQYKSYPYTF",13
"706","CQQYGTSPQTF",13
"707","CQQYSNWPRTF",13
"708","CQQRSNWYTF",13
"709","CMQSLQTPITF",13
"710","CALWEGQELGKKIKVF",13
"711","CALWETQELGKKIKVF",13
"712","CQQRSNWPPGVTF",13
"713","CQQFGSSPWTF",13
"714","CQQYNNWPSYTF",13
"715","CQQSYSIPWTF",13
"716","CQQSYSAPWTF",13
"717","CQQYNSYWWTF",13
"718","CQQYKSYWTF",13
"719","CQQYNSYTF",13
"720","CQQYNSYLTF",13
"721","CQQYENLPLTF",13
"722","CQQSYSNPRTF",13
"723","CQQRSNWPPSLTF",13
"724","CLQYNSYPWTF",13
"725","CSSYTSSSPYVF",13
"726","CQSYDSSLSAVVF",13
"727","CQQRSNWPRLTF",13
"728","CQQYYNTPFTF",13
"729","CQQYYSLPLTF",13
"730","CQQFNSYPFTF",13
"731","CQQSYSTPRSF",13
"732","CQQYHSYPLTF",13
"733","CGTWDSSLSAEVF",13
"734","CQQYNSYLLTF",13
"735","CQQYGSSVWTF",13
"736","CSSYAGSNNFYVF",13
"737","CCSYAGSVVF",13
"738","CQQSHSTPYTF",13
"739","CAVSGGGADGLTF",13
"740","CAAWDDSLNAWVF",13
"741","CAAWDDSLNGVLF",13
"742","CAASKGGSYIPTF",13
"743","CQQYNNWPPAF",13
"744","CSSYTSSSSYVF",13
"745","CQQLNSYPHTF",13
"746","CQSYDSSLSGSYVF",13
"747","CQQYGTF",13
"748","CQQYATSPLTF",13
"749","CLQHDNFPYTF",13
"750","CMQGLQTPWTF",13
"751","CMQATQFPPTF",13
"752","CMQALQSPRTF",13
"753","CQQYSSSPRTF",13
"754","CQQYGSSPPRTF",13
"755","CMQALQTYTF",13
"756","CQAWDSSNVVF",13
"757","CHQYYSTPLTF",13
"758","CQQYYTSPLTF",13
"759","CQQSYSSPITF",13
"760","CHQYYSTPWTF",13
"761","CQQSYSTPRYTF",13
"762","CQQANSFPHTF",13
"763","CQQYNNWPPETF",13
"764","CYSAADNNLVF",13
"765","CQQYYDTPLTF",13
"766","CQQSHSTPLTF",13
"767","CALNTGGFKTIF",13
"768","CQQYYSSPITF",13
"769","CQQYASSPLTF",13
"770","CQQRSNWLFTF",13
"771","CQQYDNLPSF",13
"772","CSSYAGSNNWVF",13
"773","CQQYNNWLRTF",13
"774","CQAWDSRTVVF",13
"775","CQQYNNWLLTF",13
"776","CSSYAGSNNLGVF",13
"777","CQQSYSTPLLTF",13
"778","CQQYGSSPQYTF",13
"779","CQSADSSGTVVF",13
"780","CQQYKTYPLTF",13
"781","CQAWDSTTVVF",13
"782","CCSYAGSYSWVF",13
"783","CAVNFGNEKLTF",13
"784","CQQYDSLPYTF",13
"785","CQQSYTTPITF",13
"786","CALDTGRRALTF",13
"787","CSSYTSSSTYVVF",13
"788","CQQYGSSPSYTF",13
"789","CQQRSNWPLYTF",13
"790","CQHYNSYPYTF",13
"791","CNSRDSSGNLVVF",13
"792","CQHYGSSPYTF",13
"793","CMQVTQFPYTF",13
"794","CAVGSSNTGKLIF",13
"795","CMQALQTSITF",13
"796","CGTWDSSLSAVF",13
"797","CQQYYNWPPWTF",12
"798","CQQYHSYPYTF",12
"799","CLLYYGGAQVF",12
"800","CQQYYSTLLTF",12
"801","CQQYKTYPWTF",12
"802","CGTWDNSLSAGVF",12
"803","CQQYDNFPLTF",12
"804","CQQSYTTPFTF",12
"805","CQQYGSSPYSF",12
"806","CQQYGSSPATF",12
"807","CQAWDSSTEVF",12
"808","CQQFNSYPRTF",12
"809","CQQRSNWLITF",12
"810","CMQALQIPWTF",12
"811","CMQALQTPAF",12
"812","CQQYYSTITF",12
"813","CHQSSSLPRTF",12
"814","CGTWDSSLSVGVF",12
"815","CQQYNSSPYTF",12
"816","CQQYNSYSHTF",12
"817","CQQYNSYGTF",12
"818","CQQYDNWPPLTF",12
"819","CAVNNARLMF",12
"820","CQKYNSAPHTF",12
"821","CMQGTHWPVTF",12
"822","CASMDSNYQLIW",12
"823","CMQALQTPSF",12
"824","CQQYSSSPWTF",12
"825","CAALDSNYQLIW",12
"826","CQQYDTSPRTF",12
"827","CMQALQTPPLTF",12
"828","CQQYNNWPSLTF",12
"829","CQQYGSSPLITF",12
"830","CQQRSNWPPSF",12
"831","CQQSYSAPRTF",12
"832","CQQYNSYSF",12
"833","CAVNTGNQFYF",12
"834","CMQSLQTPWTF",12
"835","CQQAHSFPLTF",12
"836","CQQYDNLLFTF",12
"837","CQQYGSSRFTF",12
"838","CQQRSNWFTF",12
"839","CQQYNNWLTWTF",12
"840","CQQYHSYPWTF",12
"841","CCSYAGSYTFVF",12
"842","CQQYYRTPYTF",12
"843","CQQYDTSPLTF",12
"844","CQQTYSTPLTF",12
"845","CQQYDTSPWTF",12
"846","CQQYNNWPPGGTF",12
"847","CQQYYSTLYTF",12
"848","CLLSYSGAVVF",12
"849","CQQYSSYPWTF",12
"850","CMQALQTLITF",12
"851","CMQSIQLPWTF",12
"852","CMQSIQLPYTF",12
"853","CQQSYSTPDTF",12
"854","CMQALQIPRTF",12
"855","CQAWDSSTGVVF",12
"856","CQQYTNWPLTF",12
"857","CQQYNNLWTF",12
"858","CMQALQTPLF",12
"859","CQQYNTYPFTF",12
"860","CNSRDSSGNHLGVF",12
"861","CAPMDSNYQLIW",12
"862","CQQLNSYPWTF",12
"863","CMQVLQTPYTF",12
"864","CQQYNKWPRTF",12
"865","CMQSLQTPRTF",12
"866","CQQYNSSPWTF",12
"867","CQQYDSSPYTF",12
"868","CAVYSSASKIIF",12
"869","CMQALQTSYTF",12
"870","CQQYNNWPPGYTF",12
"871","CQQYNSYSETF",12
"872","CQQYNKWPPWTF",12
"873","CQQYYSYPFTF",12
"874","CQQYGSSSRTF",12
"875","CQQYGSSPRSF",12
"876","CQQANSFPTF",12
"877","CQQYNNWPSITF",12
"878","CQQGNSFPLTF",12
"879","CQQYGSPLTF",12
"880","CQQYGSSPLLTF",12
"881","CQQRSNWRTF",12
"882","CQVWDSSSDHPVVF",12
"883","CMQGTHWPTF",12
"884","CQQYGSSPRAF",12
"885","CQQRSNWPLITF",12
"886","CQQSYSSPFTF",12
"887","CSSYTTSSTWVF",12
"888","CQQYGSLITF",12
"889","CQQRSNWPRFTF",12
"890","CQQRRNWPLTF",12
"891","CQQYYDTPYTF",12
"892","CQQRINWPLTF",12
"893","CAAWDDSLNGFYVF",12
"894","CQQYNNWLYTF",12
"895","CQQSYNTPITF",12
"896","CSSYTSSSTLWVF",12
"897","CQQYNNWPPSYTF",12
"898","CQQRSNWPPEYTF",12
"899","CQQYGRSPTF",12
"900","CSSYTSSSTHVF",12
"901","CQSYDSSLSGFYVF",12
"902","CQQYGSPITF",12
"903","CQQRSNWPALTF",12
"904","CQQANSFPQTF",12
"905","CQQYGRTF",12
"906","CLQHNTYPYTF",12
"907","CMQGTHWPPSF",12
"908","CQQAYSFPLTF",12
"909","CQQYGTSPPTF",12
"910","CQQYGSPWTF",12
"911","CQQYYGTPYTF",12
"912","CALWEEELGKKIKVF",11
"913","CALWEEQELGKKIKVF",11
"914","CQKYDSAPRTF",11
"915","CQHYGSSPRTF",11
"916","CQQYYNWPPLTF",11
"917","CQQFGSSPRTF",11
"918","CQQLKSYPLTF",11
"919","CQAWDSSTVIF",11
"920","CQQYYSAPYTF",11
"921","CQQYGSLPLTF",11
"922","CQQYNDWPPYTF",11
"923","CGTWDSSLSSWVF",11
"924","CQAWDSSTALF",11
"925","CQQYGSTPWTF",11
"926","CQQYNGYSRTF",11
"927","CQQSYSAPPTF",11
"928","CLQHNSYPQTF",11
"929","CQQYGSSPALTF",11
"930","CQQYYSTPLSF",11
"931","CAAWDDSLNVVVF",11
"932","CQQYNSLYTF",11
"933","CQQRSNWPPLYTF",11
"934","CAVNRDDKIIF",11
"935","CAVNNNARLMF",11
"936","CMQALQTSWTF",11
"937","CQQYDNVPLTF",11
"938","CQQYGSSHTF",11
"939","CAASGGSNYKLTF",11
"940","CQQSYSIPFTF",11
"941","CAAWDDSLSAWVF",11
"942","CQAWDRSTVVF",11
"943","CQQSYNTPPWTF",11
"944","CQAWDSSTAHVVF",11
"945","CQQYDNSPWTF",11
"946","CLQDYSYPWTF",11
"947","CMQALETPLTF",11
"948","CACDTLGDTDKLIF",11
"949","CQQYYTTPQTF",11
"950","CQQSYNTPPTF",11
"951","CQQYDNLPPFTF",11
"952","CGTWDSSLSAGGVF",11
"953","CQQRSSWPPITF",11
"954","CQQYGSSMYTF",11
"955","CQQYGSSLSITF",11
"956","CQSADSSGTYPVVF",11
"957","CQQSYNIPRTF",11
"958","CAVNNAGNMLTF",11
"959","CQSADSSGTSWVF",11
"960","CQQYNNWPPEYTF",11
"961","CQQYYSTPDTF",11
"962","CQQYYSTPSLTF",11
"963","CQQYYGAPLTF",11
"964","CCSYAGSYTFYVF",11
"965","CQQYGSTPLTF",11
"966","CQQTYSTPFTF",11
"967","CHQYYSTPYTF",11
"968","CQQYYSNPLTF",11
"969","CQAWDSSTAWVF",11
"970","CQQSYTIPRTF",11
"971","CQKYDSAPFTF",11
"972","CAAWDDSLNGYVVF",11
"973","CQQYGTSPTF",11
"974","CQQYGRSPFTF",11
"975","CQQYDDLPITF",11
"976","CQQYNSFSTF",11
"977","CAAGGGADGLTF",11
"978","CAVTGTASKLTF",11
"979","CQQYYSVPLTF",11
"980","CQQRSSWPRTF",11
"981","CQHYGSSPWTF",11
"982","CQQRSNWPPGFTF",11
"983","CQVWDSSSDHPVF",11
"984","CQQYGSLWTF",11
"985","CQQSYSTLALTF",11
"986","CQSADSSGTYYVF",11
"987","CMQATHWPLTF",11
"988","CAAWDDSLNGGVF",11
"989","CQQRSNWPLFTF",11
"990","CAVPNQAGTALIF",11
"991","CQQYNNWPPSITF",11
"992","CQQYYSTPPAF",11
"993","CQQYYSTSWTF",11
"994","CMQGTHWPPVTF",11
"995","CMQATHWPRTF",11
"996","CQQYGSSPQWTF",11
"997","CLQHNSYPHTF",11
"998","CQQSYITPRTF",11
"999","CQQYGSSPFF",11
"1000","CQQYGSSPPNTF",11
"1001","CMQTLQTPYTF",11
"1002","CQSYDSSNHVVF",11
"1003","CMQPLQTPLTF",11
"1004","CQQYYSVPYTF",11
"1005","CQQYKSYPFTF",11
"1006","CQQYGGSPPYTF",11
"1007","CQQYGSSSGTF",11
"1008","CSSYTSSSLYVF",11
"1009","CQQYYSTRWTF",11
"1010","CQQYGTSLWTF",11
"1011","CQQYDDLPYTF",11
"1012","CQQYFSTPYTF",11
"1013","CAAWDDSLKGVVF",11
"1014","CQQYNNWPPLFTF",11
"1015","CQQYNNWPPAYTF",11
"1016","CQQYGSSPQLTF",11
"1017","CQQYDNLPMYTF",11
"1018","CQQYNNWPLITF",11
"1019","CLQDYSYPRTF",11
"1020","CAAWDDSLNAYVF",11
"1021","CSSYTSSSTVF",11
"1022","CQQSFSTPLTF",11
"1023","CMQALQTPPSF",10
"1024","CQQYYITPLTF",10
"1025","CCSYAGTYTWVF",10
"1026","CQQYGSAPWTF",10
"1027","CQQAHSFPITF",10
"1028","CALWELQELGKKIKVF",10
"1029","CMQALQTPCTF",10
"1030","CQQYNSYSSTF",10
"1031","CQQYDNLRLTF",10
"1032","CQQYGSPPRTF",10
"1033","CQSYDSSLSGFVF",10
"1034","CQQYDSYSRTF",10
"1035","CQQSSSTPRTF",10
"1036","CCSYAGSSTPVVF",10
"1037","CQQSYSTPSF",10
"1038","CMQALQTSLTF",10
"1039","CQQYNSYFRTF",10
"1040","CQQSYSSPQTF",10
"1041","CQHYGSSPLTF",10
"1042","CQQSYSTPPVTF",10
"1043","CQQSYRTPYTF",10
"1044","CMQATQFPPYTF",10
"1045","CQQLNSFPLTF",10
"1046","CQQYDNLFTF",10
"1047","CQAWDGSTVVF",10
"1048","CQQYGSSPGITF",10
"1049","CQQYNSYSPRTF",10
"1050","CQQYYSTPSF",10
"1051","CQQSYSLPRTF",10
"1052","CQQYNSYSPITF",10
"1053","CQQSYITPWTF",10
"1054","CQQSYSNPWTF",10
"1055","CQQYGSSSTF",10
"1056","CQQYSSYSTF",10
"1057","CQQYDNLPQTF",10
"1058","CMQALQTPLAF",10
"1059","CQQYNSYSSF",10
"1060","CQNYNSAPLTF",10
"1061","CHQYGSSPLTF",10
"1062","CMQALQAPRTF",10
"1063","CQHYNSYPFTF",10
"1064","CQQRSKWPLTF",10
"1065","CQQYNSYFWTF",10
"1066","CHQSSSLPHTF",10
"1067","CAENTGGFKTIF",10
"1068","CAVGGGSYIPTF",10
"1069","CMQALQTPMYTF",10
"1070","CQQRSNWPQLTF",10
"1071","CVVNNARLMF",10
"1072","CCSYAGSSTPYVF",10
"1073","CQAWDSSSYVF",10
"1074","CQQYGTSPPYTF",10
"1075","CQKYNSVPLTF",10
"1076","CQHYNNWPYTF",10
"1077","CQQSYSTPLAF",10
"1078","CQQYKNWPLTF",10
"1079","CAVLDSSYKLIF",10
"1080","CQQTYTTPRTF",10
"1081","CQQYGTSPVTF",10
"1082","CQAWDSSTLVF",10
"1083","CQQYYSTPGTF",10
"1084","CQQYDNLRTF",10
"1085","CMQGSHWPPTF",10
"1086","CQQRGNWPPTF",10
"1087","CCSYAGSSTFYVF",10
"1088","CCSYAGSSTYVVF",10
"1089","CQQYNDYPYTF",10
"1090","CQQYYSTPPVTF",10
"1091","CSSYTSSTTYVF",10
"1092","CQQSYGTPRTF",10
"1093","CQQYDNFPITF",10
"1094","CQSADSSGTYHVVF",10
"1095","CQQLNSYPTF",10
"1096","CQQYYTYPRTF",10
"1097","CQQYYSTWTF",10
"1098","CQQYYTTPITF",10
"1099","CQSYDSSLSGYVVF",10
"1100","CQQYYSTLRTF",10
"1101","CMIWHSSAVVF",10
"1102","CQQRSNWPKTF",10
"1103","CQQYGSSPCTF",10
"1104","CQQYYSTSYTF",10
"1105","CQQRSNWPPTWTF",10
"1106","CAVDTGRRALTF",10
"1107","CQQYNNWPMYTF",10
"1108","CQQYGSSPPF",10
"1109","CAVKAAGNKLTF",10
"1110","CQQRSNF",10
"1111","CALNDYKLSF",10
"1112","CAVRNNNARLMF",10
"1113","CQQYSTYPYTF",10
"1114","CATWDDSLSGWVF",10
"1115","CQQYGTSRTF",10
"1116","CALWEVHELGKKIKVF",10
"1117","CMQALQTPSTF",10
"1118","CSSYAGSNNLIF",10
"1119","CQQYHSSPYTF",10
"1120","CQQYYSFPFTF",10
"1121","CQQSGSSPLTF",10
"1122","CNSRDSSGNHHVVF",10
"1123","CQQYGSSPPGYTF",10
"1124","CQQRSNSITF",10
"1125","CAVYSGGGADGLTF",10
"1126","CMQALQTFTF",10
"1127","CQVWDSSTGVF",10
"1128","CQQRSDWPRTF",10
"1129","CQQYYSTPYSF",10
"1130","CQSYDSSLSGHVVF",10
"1131","CQQLNSYPVTF",10
"1132","CCSYAGSYVF",10
"1133","CASSLQETQYF",10
"1134","CAVDRGSTLGRLYF",10
"1135","CAVNSGGYQKVTF",10
"1136","CAAWDDSLNGLYVF",10
"1137","CQQYNSYSDTF",10
"1138","CMQALQTPPFTF",10
"1139","CGTWDSSLSALF",10
"1140","CQQYGSFF",10
"1141","CMQGTHWPPGYTF",10
"1142","CQQRSNWPPRYTF",10
"1143","CQQYGSSPRVTF",10
"1144","CQAWDSSAVVF",10
"1145","CQQRSNLLTF",10
"1146","CAVSGGSYIPTF",10
"1147","CQQYNSYSMYTF",10
"1148","CMQALQTPRYTF",10
"1149","CMQATQFPQTF",10
"1150","CQQYYSSPQTF",10
"1151","CMQALQSPITF",10
"1152","CAAWDDSLNGLF",10
"1153","CQQYHNLPITF",10
"1154","CQQYSSSPLTF",10
"1155","CSSYTSSSTPVF",10
"1156","CQQYGTSPGTF",10
"1157","CQVWDSSSDHPGVF",10
"1158","CQQSYSTPRAF",10
"1159","CQQYNSYSSYTF",10
"1160","CQQYNKWPYTF",10
"1161","CMQSIQLRTF",9
"1162","CQQRSNWPPRLTF",9
"1163","CQQYGSPPYTF",9
"1164","CQQSYTTPPTF",9
"1165","CQQYNSYLFTF",9
"1166","CQQRSNWPPELTF",9
"1167","CALWEIQELGKKIKVF",9
"1168","CQQTYSTPWTF",9
"1169","CQQYYSAPFTF",9
"1170","CLQHNNYPRTF",9
"1171","CQQYGSSPCSF",9
"1172","CQKYNSAPGTF",9
"1173","CQQYGSSLGTF",9
"1174","CQHYNNWPPYTF",9
"1175","CQQYNYWPPYTF",9
"1176","CQQYNSWPPLTF",9
"1177","CASWDDSLNGPVF",9
"1178","CMQGSHWPYTF",9
"1179","CHQYYTTPYTF",9
"1180","CQQYKTYPYTF",9
"1181","CQAWDSSTLYVF",9
"1182","CQHYNSYPWTF",9
"1183","CQQSYSVPYTF",9
"1184","CALWEVRQELGKKIKVF",9
"1185","CQQGNSFPFTF",9
"1186","CQQYFSTPLTF",9
"1187","CCSYAGSYTLYVF",9
"1188","CALWEVELGKKIKVF",9
"1189","CMQALQTPYSF",9
"1190","CQQYYSPPPTF",9
"1191","CQQRSDWPPLTF",9
"1192","CLQHDNFPWTF",9
"1193","CMQALQIPITF",9
"1194","CQQYNGYPWTF",9
"1195","CQQYNTWPPLTF",9
"1196","CQQYNDYPWTF",9
"1197","CCSYAGSYTSVVF",9
"1198","CQQYGSSSFTF",9
"1199","CQSYDSSLSALYVF",9
"1200","CQQASSFPRTF",9
"1201","CLQDYNYPPTF",9
"1202","CLQDYNYPFTF",9
"1203","CQQYGSSRRTF",9
"1204","CQQYYSIPITF",9
"1205","CQQSYSTLLYTF",9
"1206","CQNYNSAPFTF",9
"1207","CQQYKSYSWTF",9
"1208","CQQYNSYSTTF",9
"1209","CMQGTHWYTF",9
"1210","CMQALQTPRAF",9
"1211","CQQYYSTPLF",9
"1212","CQQYNNWPPRWTF",9
"1213","CAAWDDSLNGHWVF",9
"1214","CQQYYSTPALTF",9
"1215","CQQSGTF",9
"1216","CQQSYSPPYTF",9
"1217","CQSYDSSLSVWVF",9
"1218","CHQSSSLPPTF",9
"1219","CAVRDDKIIF",9
"1220","CQQYNNWPRSF",9
"1221","CQQYNSWWTF",9
"1222","CQQYYSTPPSF",9
"1223","CASSLSYEQYF",9
"1224","CGTWDSSLSAAVF",9
"1225","CVLYMGSGIYVF",9
"1226","CSSYTSSNTYVF",9
"1227","CQQYGSSPGWTF",9
"1228","CQQRSNWPPLF",9
"1229","CSSYTSSSTLLYVF",9
"1230","CALNAGGTSYGKLTF",9
"1231","CETWDSNTQVF",9
"1232","CMQGTYWPYTF",9
"1233","CQQSDSTPLTF",9
"1234","CMQGLQIPYTF",9
"1235","CMQATHWPPYTF",9
"1236","CQQYGSSPPDTF",9
"1237","CQQYHNLPLTF",9
"1238","CQQYGSPYTF",9
"1239","CQKYNSVPFTF",9
"1240","CQQYNSWTF",9
"1241","CQQRSNWPPEITF",9
"1242","CGTWDNSLSAVVF",9
"1243","CQQSYSTWTF",9
"1244","CQQSYITPLTF",9
"1245","CQQVNSFPLTF",9
"1246","CQKYDSAPWTF",9
"1247","CQQSYSFPLTF",9
"1248","CQQLNSYPQTF",9
"1249","CQQYYTYPYTF",9
"1250","CQQYNNWPPALTF",9
"1251","CMQSIQLWTF",9
"1252","CQQSYSTLSITF",9
"1253","CQQGYSTPLTF",9
"1254","CQSYDSSLSGSKVF",9
"1255","CQQYNNWPATF",9
"1256","CQQYGSSLMYTF",9
"1257","CASSLNTEAFF",9
"1258","CQQRSNWPPVF",9
"1259","CQQYYSTPTWTF",9
"1260","CSSYTSSSSWVF",9
"1261","CQQSYSTPETF",9
"1262","CQQRYNWPPLTF",9
"1263","CQQYGGSPLFTF",9
"1264","CMQGTHLYTF",9
"1265","CQQSYSTPLSF",9
"1266","CGTWDSSLSARVF",9
"1267","CGTWDSSLSAVLF",9
"1268","CQQSYSTRYTF",9
"1269","CLLYYGGAQLVF",9
"1270","CQQRSNWPPNTF",9
"1271","CQQYNNWPAWTF",9
"1272","CLQYGSSPRTF",9
"1273","CAVSGGSNYKLTF",9
"1274","CQQYGSSPLAF",9
"1275","CMQATQFPTF",9
"1276","CNSRDSSGNHPVVF",9
"1277","CMQGTQWPYTF",9
"1278","CCSYAGSSTLVVF",9
"1279","CQQYGSSPRGTF",9
"1280","CQAWDSSTAYVF",9
"1281","CQQANSFPPITF",9
"1282","CQSYDSSLSGSNVF",9
"1283","CAAWDDSLSGVF",9
"1284","CQSYDSSNHWVF",9
"1285","CQQSYSTPRITF",9
"1286","CQQSYSTLSWTF",9
"1287","CQQYGSSPSLTF",9
"1288","CQQYGRSLTF",9
"1289","CQQYNNWLITF",9
"1290","CATWDDSLNGWVF",9
"1291","CAVIKAAGNKLTF",9
"1292","CQQYDTYWTF",9
"1293","CQQYDNLPLF",9
"1294","CQQYGSSPPLYTF",9
"1295","CQQYHNWPPWTF",9
"1296","CQQYGSSPGFTF",9
"1297","CQSYDSSLSGVF",9
"1298","CCSYAGSYTLVVF",9
"1299","CQQYYSLPYTF",9
"1300","CMQGTYWPRTF",9
"1301","CAVNTGFQKLVF",9
"1302","CQQYDNLPPVTF",9
"1303","CAAWDDSLSGGVF",9
"1304","CAAWDYTTGWFKIF",9
"1305","CQQYYSTPPMYTF",9
"1306","CQQYNNWLSITF",9
"1307","CAAWDDSLSGQVF",9
"1308","CNSRDSSGNHLRVF",9
"1309","CQQYGSSPF",9
"1310","CQTWGTGTVVF",9
"1311","CQKYNNAPWTF",9
"1312","CQQRDNWPLTF",9
"1313","CQQYGGSPLYTF",9
"1314","CQSYDSSLSDVVF",9
"1315","CQTWGTGIHVF",9
"1316","CSSYTSSTTLVF",9
"1317","CQQYDNLPSLTF",9
"1318","CQKYNSAPPWTF",9
"1319","CQQFNSYPYTF",9
"1320","CQVWDSSSDHPYVF",9
"1321","CQQYDSSPFTF",9
"1322","CQQYGNSPGTF",9
"1323","CSSYTSSSSVVF",9
"1324","CMQALQTPGF",9
"1325","CQQYNDWPWTF",9
"1326","CQSADSSGTYKVF",9
"1327","CQQYNTWPLTF",9
"1328","CMQGAHWPPTF",9
"1329","CQQSYSTPRF",9
"1330","CQQYYNWPLTF",9
"1331","CQQADSFPRTF",9
"1332","CASSLGQNTEAFF",9
"1333","CQQYNNWPPVF",9
"1334","CQQRGSWPLTF",9
"1335","CVVNQAGTALIF",9
"1336","CQQYNKWPPTF",9
"1337","CAVNSGGSNYKLTF",9
"1338","CQQSYSTPPAF",9
"1339","CQQYKSYPITF",9
"1340","CQQYYSTPLYTF",9
"1341","CQQYGSSLPYTF",9
"1342","CQQYKTYPFTF",9
"1343","CMQALETPYTF",9
"1344","CQQYGGSPTF",9
"1345","CQQYNKWPPITF",9
"1346","CSSYAGSNNYVVF",9
"1347","CSSYTSSSTGVF",9
"1348","CQQSYSTPCTF",9
"1349","CSSYTSSSTLGF",9
"1350","CMQALQAPLTF",9
"1351","CQQYSDWPRTF",9
"1352","CAVYNFNKFYF",9
"1353","CQQYNDWPYTF",9
"1354","CQQRRDWPLTF",9
"1355","CNSRDSSGNPVVF",9
"1356","CQQYNSYSPMYTF",9
"1357","CQQYNSWPPITF",9
"1358","CQQYHTYWTF",9
"1359","CAAWDDSLSAVVF",9
"1360","CQQRSNWPRITF",9
"1361","CAEDNNARLMF",8
"1362","CQQYINWPRTF",8
"1363","CALSGGSNYKLTF",8
"1364","CQQYYNAPRTF",8
"1365","CSSYTTSSTYVF",8
"1366","CQQYNSHWTF",8
"1367","CMQTLQTPPTF",8
"1368","CQVWDSSSDQGVF",8
"1369","CQQYSTYPWTF",8
"1370","CQQRSNGLTF",8
"1371","CQTWDSSTVVF",8
"1372","CQQYNSYWYTF",8
"1373","CQQSHSTPRTF",8
"1374","CMQGTQFPWTF",8
"1375","CQQYNNWPPATF",8
"1376","CQSYDSSLSGPVVF",8
"1377","CQSYDSSLSAPYVF",8
"1378","CQQYGSPPLTF",8
"1379","CGTWDSSLSAGLF",8
"1380","CQQYDNLPCSF",8
"1381","CQQRSNWPPKLTF",8
"1382","CMQALQSPLTF",8
"1383","CQQRSNWPPRVTF",8
"1384","CMQALQTPRSF",8
"1385","CQQYVTSPWTF",8
"1386","CALWEQELGKKIKVF",8
"1387","CQHYNSYSRTF",8
"1388","CQQYGGSPFTF",8
"1389","CARGFDYW",8
"1390","CQQYISYPLTF",8
"1391","CAVIDSNYQLIW",8
"1392","CAVEDSNYQLIW",8
"1393","CQQYNSFSWTF",8
"1394","CQQSYRTPRTF",8
"1395","CQQYSSTPYTF",8
"1396","CMQALQTPRVTF",8
"1397","CQQRSNWTF",8
"1398","CQSYDSSNQGVF",8
"1399","CQSYDSSLSGLYVF",8
"1400","CQSYDNSLSGYVF",8
"1401","CQQYYSTPLLTF",8
"1402","CMQSLQTPYTF",8
"1403","CQQYNSYSGLTF",8
"1404","CQQYNSYSFTF",8
"1405","CSSYTSTSTLVF",8
"1406","CMQTLQTPITF",8
"1407","CAAWDGSLNGVVF",8
"1408","CSSYAGSNNLLF",8
"1409","CQQYNNWPLFTF",8
"1410","CQQYNNWPPHTF",8
"1411","CQQYGISPRTF",8
"1412","CMQGTHWPPLF",8
"1413","CQQYDNLMYTF",8
"1414","CQQYDSYPRTF",8
"1415","CSSYTSSNTWVF",8
"1416","CASWDDSLSGVVF",8
"1417","CSSYTSSSTLGVVF",8
"1418","CASSSYNEQFF",8
"1419","CMQALQTPSITF",8
"1420","CQQYESYPLTF",8
"1421","CAVNTNAGKSTF",8
"1422","CAANNNARLMF",8
"1423","CMQGLQTPPTF",8
"1424","CAAWDDSLNGRVVF",8
"1425","CQQRNNWPPTF",8
"1426","CAADTGRRALTF",8
"1427","CQQRGTF",8
"1428","CAVLYNFNKFYF",8
"1429","CQQSYSTPCSF",8
"1430","CASSGYNEQFF",8
"1431","CQQYDNLSLTF",8
"1432","CQQSYNNPRTF",8
"1433","CQQRSNWRGTF",8
"1434","CMQALQTPCSF",8
"1435","CQQRRNWPPITF",8
"1436","CQQYYSTPCSF",8
"1437","CMQATQLPHTF",8
"1438","CQQYGSSPQVTF",8
"1439","CAVFSGGYNKLIF",8
"1440","CQHYNNWPRTF",8
"1441","CALRNNNARLMF",8
"1442","CASSLGGSYNEQFF",8
"1443","CLQHNNYPWTF",8
"1444","CQQSYSSPVTF",8
"1445","CCSYAGSYTFWVF",8
"1446","CQQYGNSPTF",8
"1447","CATWDDSLSGVVF",8
"1448","CMQALQTRLTF",8
"1449","CQQVNSYPLTF",8
"1450","CMQARQTPYTF",8
"1451","CQSYDSSLSGPVF",8
"1452","CMQVLQTPWTF",8
"1453","CQQYNKWPPYTF",8
"1454","CQHYNNWPLTF",8
"1455","CATWDYKKLF",8
"1456","CQQRTNWPPTF",8
"1457","CQQYNSYAYTF",8
"1458","CQQLNSYPPFTF",8
"1459","CQQYNNWPPLF",8
"1460","CQQYKSFPLTF",8
"1461","CQQYHSLPLTF",8
"1462","CQQYDNVPYTF",8
"1463","CQQRSDWPITF",8
"1464","CQQYGSSPPRYTF",8
"1465","CSSYTSSSTFYVF",8
"1466","CQQSSSTPLTF",8
"1467","CQQYATSPWTF",8
"1468","CQQYGDSPYTF",8
"1469","CAAWDDSLNGLWVF",8
"1470","CMQVLQTPPTF",8
"1471","CATWDYYKKLF",8
"1472","CQQYDSYPITF",8
"1473","CAVRGDYKLSF",8
"1474","CQQYSNWPPWTF",8
"1475","CQQSYSTPYSF",8
"1476","CAARYSSASKIIF",8
"1477","CQVWDSSSDHVIF",8
"1478","CQQYFSTPFTF",8
"1479","CAVGYSSASKIIF",8
"1480","CQVWDSSSVVF",8
"1481","CQQYNSYRYTF",8
"1482","CQQYNSSPLTF",8
"1483","CQQYDTYPYTF",8
"1484","CAGMDSNYQLIW",8
"1485","CQQYNSYSLYTF",8
"1486","CCSYAGTYTYVF",8
"1487","CAAWDDSLNGHVF",8
"1488","CQVWDSSSDYVF",8
"1489","CHQSSSFPLTF",8
"1490","CQQYGRSPPTF",8
"1491","CQQANSFPPWTF",8
"1492","CMQALQIPPTF",8
"1493","CQQYNAYPWTF",8
"1494","CQQYGSSGTF",8
"1495","CQQYYSYPPLTF",8
"1496","CALWEKQELGKKIKVF",8
"1497","CCSYAGSSVVF",8
"1498","CQQRSNLFTF",8
"1499","CCSYTSSSTLVF",8
"1500","CQQYNSYF",8
"1501","CALNTNAGKSTF",8
"1502","CAASGSARQLTF",8
"1503","CQQSYSTPRVTF",8
"1504","CLQHNSYLWTF",8
"1505","CQQRRTF",8
"1506","CQQYGNSPPYTF",8
"1507","CVVNTNAGKSTF",8
"1508","CQAWDSSTVLF",8
"1509","CQQYDSYSWTF",8
"1510","CQQYNSYPLSF",8
"1511","CQQYYSYPGTF",8
"1512","CQQYNNWPSTF",8
"1513","CQQYASSPWTF",8
"1514","CQQSYNSPRTF",8
"1515","CAVGNNARLMF",8
"1516","CQVWDSSSDVVF",8
"1517","CQQYDNLLITF",8
"1518","CQQSGSSPRTF",8
"1519","CASSLDSYEQYF",8
"1520","CQQYHDWPLTF",8
"1521","CQQYNNWLFTF",8
"1522","CQQRSNWPPDTF",8
"1523","CAVSGSARQLTF",8
"1524","CATWGNYYKKLF",8
"1525","CQQGYSTPRTF",8
"1526","CAGQNYGGSQGNLIF",8
"1527","CAENNAGNMLTF",8
"1528","CAVHSGGGADGLTF",8
"1529","CQQAKSFPRTF",8
"1530","CQQYGSLPRTF",8
"1531","CAGLNYGGSQGNLIF",8
"1532","CCSYAGSPYVF",8
"1533","CGTWDSSLSAGVVF",8
"1534","CQQRSIWPLTF",8
"1535","CQQYTSYPLTF",8
"1536","CGTWDSSLSVYVF",8
"1537","CATWDGPGYKKLF",8
"1538","CQQRSNWPRVTF",8
"1539","CMQATHWPPTF",8
"1540","CQQSYSTPPMYTF",8
"1541","CALWESQELGKKIKVF",8
"1542","CMQGTHWPLYTF",8
"1543","CMQTLQTPFTF",8
"1544","CQHRSSWPLTF",8
"1545","CYSTDSSGNHGVF",8
"1546","CQQLDSYPRTF",8
"1547","CQSYDSSLSASVF",8
"1548","CLQDYSYPLTF",8
"1549","CQQYGSSPWAF",8
"1550","CQQRSNWPRWTF",8
"1551","CASSLTDTQYF",8
"1552","CMQALQTPRLTF",8
"1553","CQHLNSYPLTF",8
"1554","CQQYYSTPNTF",8
"1555","CQQYGNSLYTF",8
"1556","CQQYDSYSYTF",8
"1557","CQQYNTYPITF",8
"1558","CQQYYSTPMYTF",8
"1559","CSSYTSSSTEVF",8
"1560","CASSYSGLAGVYNEQFF",8
"1561","CQQRSNWPLMYTF",8
"1562","CQKYNSAPPTF",8
"1563","CQQYNSSPFTF",8
"1564","CQQYDSYSTF",8
"1565","CQQRSNWPRGTF",8
"1566","CQQSWTF",8
"1567","CMQGTHWPKTF",8
"1568","CGTWDSSLSAGRVF",8
"1569","CQQSYSLPYTF",8
"1570","CQQLSSYPLTF",8
"1571","CQVWDSSSDHQVF",8
"1572","CMQALQTQYTF",8
"1573","CQQSYSTPPGTF",8
"1574","CQSADSSGTSVVF",8
"1575","CQQYNIYWTF",8
"1576","CAVRGSQGNLIF",8
"1577","CMQALQSPFTF",8
"1578","CQQYSSSPYTF",8
"1579","CQQYGASPRTF",8
"1580","CQQYHSYSWTF",8
"1581","CQQYNYWPLTF",8
"1582","CQQSYSTLPYTF",8
"1583","CQQRSTF",8
"1584","CQQSFSTPYTF",8
"1585","CQQYNSYPMYTF",8
"1586","CAVEAAGNKLTF",8
"1587","CAGNNNARLMF",8
"1588","CMQGTHWWTF",8
"1589","CQQYNNWLPLTF",8
"1590","CQQYGSSQFTF",8
"1591","CQKYNSALLTF",8
"1592","CQQANSFPLSF",8
"1593","CQQYDSYPFTF",8
"1594","CQQYDNLLYTF",8
"1595","CQQYNGYSTF",8
"1596","CAAWDDSLNVVF",8
"1597","CQQYSNWPLTF",8
"1598","CMQRIEFPITF",8
"1599","CQQYGSPPWTF",8
"1600","CQQSYSMPLTF",8
"1601","CAAWDDSLDGPVF",7
"1602","CQQSYSSPPWTF",7
"1603","CQQYHNWPPYTF",7
"1604","CQQTYSTPPTF",7
"1605","CALWEVPELGKKIKVF",7
"1606","CQQYGGSPPWTF",7
"1607","CQQSYSSLTF",7
"1608","CQQADSFPFTF",7
"1609","CQQYGSSALTF",7
"1610","CQQYDNLVTF",7
"1611","CQQRSSWPITF",7
"1612","CQAWDRSTAVF",7
"1613","CCSYAGSGTYVF",7
"1614","CQQANRFPFTF",7
"1615","CQQTYSIPWTF",7
"1616","CQQYNNWPAF",7
"1617","CALPISLTAQLFF",7
"1618","CQQYYNTPQTF",7
"1619","CQQYGRSRTF",7
"1620","CLLSYSGAQVF",7
"1621","CQQSYTTPTF",7
"1622","CMQALQTPLSF",7
"1623","CSSYTSSNTVVF",7
"1624","CQQYGSSTITF",7
"1625","CQQYNSYLCSF",7
"1626","CQQYDNLPSYTF",7
"1627","CQQYNSWPPYTF",7
"1628","CQQYNGYPLTF",7
"1629","CQQYNNWPPCSF",7
"1630","CQAWDTSTVVF",7
"1631","CQQSNSFPLTF",7
"1632","CQQRSNWPPLLTF",7
"1633","CALDRGSTLGRLYF",7
"1634","CQQYNTYRTF",7
"1635","CHQYYSSPQTF",7
"1636","CQQYNSYSPFTF",7
"1637","CLQHNNYPLTF",7
"1638","CQQRSNWPQITF",7
"1639","CQQRSNWPHTF",7
"1640","CQQYGSSPMCSF",7
"1641","CALYTGGFKTIF",7
"1642","CCSYAGSLYVF",7
"1643","CQQRSNWPPRFTF",7
"1644","CMQSIQLPFTF",7
"1645","CQQYGSPGTF",7
"1646","CMQALETPRTF",7
"1647","CQQYYNWPPYTF",7
"1648","CQSYDSSLSDYVF",7
"1649","CQQYYSTPKTF",7
"1650","CQQYNNWPQYTF",7
"1651","CQQYGNSPPTF",7
"1652","CCSYAGSSSWVF",7
"1653","CQQYGSSQGTF",7
"1654","CQQYVSSPYTF",7
"1655","CQQLNSYPSITF",7
"1656","CQQYNNWPPPITF",7
"1657","CQQSYRTPWTF",7
"1658","CQQYNNWLGTF",7
"1659","CMQALEPPYTF",7
"1660","CAVDNNARLMF",7
"1661","CQHSYSTPRTF",7
"1662","CQQYNNWRGTF",7
"1663","CQQYGSSPKLTF",7
"1664","CQQYNRYPYTF",7
"1665","CQQYNSYVTF",7
"1666","CAANTGGFKTIF",7
"1667","CHQSSSLPGTF",7
"1668","CQQYNTYLYTF",7
"1669","CQQRSDWLTF",7
"1670","CQQYYSAPWTF",7
"1671","CQTWDTGIRVF",7
"1672","CQQYNSYPTWTF",7
"1673","CQQYNIWPRTF",7
"1674","CQQRSNWPCSF",7
"1675","CQQYYSLPRTF",7
"1676","CQQYDYLPLTF",7
"1677","CQQRSNWPAITF",7
"1678","CQQRSSWPTF",7
"1679","CQQYKNWPPLTF",7
"1680","CAVNTDKLIF",7
"1681","CQQSYSVPWTF",7
"1682","CCSYAGSSTLYVF",7
"1683","CQQSYSVPFTF",7
"1684","CAAWDTTGWFKIF",7
"1685","CQAWDSSLVVF",7
"1686","CQQYISYPYTF",7
"1687","CMQALQNPLTF",7
"1688","CSSYTSSSTVIF",7
"1689","CASSLGLAGGTDTQYF",7
"1690","CQYYGSSPLTF",7
"1691","CQQYGNSPLYTF",7
"1692","CQQRGNWPPITF",7
"1693","CMQALHTPYTF",7
"1694","CATWDDSLNGRVF",7
"1695","CMQGTQFPYTF",7
"1696","CQQYDDWPRTF",7
"1697","CQQYVTSPLTF",7
"1698","CAIWYSSTWVF",7
"1699","CQQYNNWPRFTF",7
"1700","CQQRSSWPWTF",7
"1701","CMQALQTPLYTF",7
"1702","CQQRSNWVTF",7
"1703","CQSYDSSLSVVVF",7
"1704","CQQYNDWPQTF",7
"1705","CQQYHNWPRTF",7
"1706","CQQYNRYPWTF",7
"1707","CAVNRGSTLGRLYF",7
"1708","CMQTLQTPTF",7
"1709","CQQYNTFPLTF",7
"1710","CMQGSHWPPWTF",7
"1711","CSSYTSSSTLEF",7
"1712","CATWDDSLNGYVF",7
"1713","CQQANSLPLTF",7
"1714","CMQPLQTPWTF",7
"1715","CMQATQSPYTF",7
"1716","CMQALQTTWTF",7
"1717","CQQSYSPPFTF",7
"1718","CQQYNSYRWTF",7
"1719","CMQGTHWPPGTF",7
"1720","CQQYHTTPYTF",7
"1721","CQQSYSTPATF",7
"1722","CQQYNTFWTF",7
"1723","CATWDDSLNGLVF",7
"1724","CAGNNAGNMLTF",7
"1725","CQAWDSSTVF",7
"1726","CQSYDSSNHVF",7
"1727","CASSFSYEQYF",7
"1728","CQQYGSSPPTTF",7
"1729","CAVSSGGYQKVTF",7
"1730","CQQRSNWPSTF",7
"1731","CQQYYSYPHTF",7
"1732","CQQYSDSPRTF",7
"1733","CQQYYSTPPITF",7
"1734","CAVSNFGNEKLTF",7
"1735","CHQSSTLPWTF",7
"1736","CQQYYSIPPTF",7
"1737","CCSYAGSSTFEVF",7
"1738","CQTWGPGIRVF",7
"1739","CQQYDSLPFTF",7
"1740","CQQSYSTPSLTF",7
"1741","CQHYHSYPYTF",7
"1742","CQQYNNWQTF",7
"1743","CQQANSFPSITF",7
"1744","CQSYDSSNRVF",7
"1745","CQQYGGSPPTF",7
"1746","CQQYDNLPALTF",7
"1747","CMQGTHWPPGF",7
"1748","CQQYDTYSWTF",7
"1749","CASWDDSLNGVVF",7
"1750","CQQYYSTPSWTF",7
"1751","CQQYYGTPRTF",7
"1752","CQQYYSYLLTF",7
"1753","CQVWDSNSDHYVF",7
"1754","CQQYDNLPGTF",7
"1755","CQQYGSSGWTF",7
"1756","CMQALQTSFTF",7
"1757","CMQALQTLGTF",7
"1758","CMQSIQLPVTF",7
"1759","CHQYNNWPPYTF",7
"1760","CQQYNNWPPFF",7
"1761","CQQYGSSPPVYTF",7
"1762","CQAWDSSTFVVF",7
"1763","CAADRGSTLGRLYF",7
"1764","CQAWDSTVVF",7
"1765","CLQYNSYPLTF",7
"1766","CQQYGSSLF",7
"1767","CQQYETF",7
"1768","CATWDRNYYKKLF",7
"1769","CSSYAGSNNLVVF",7
"1770","CALYNFNKFYF",7
"1771","CASSYYNEQFF",7
"1772","CQQYDNLPPMYTF",7
"1773","CQTWGTGIHVVF",7
"1774","CAALNQAGTALIF",7
"1775","CAVDMDSNYQLIW",7
"1776","CAAWDYYYKKLF",7
"1777","CQQANSFPPAF",7
"1778","CQQYYSLPWTF",7
"1779","CQQYNSFSRTF",7
"1780","CAAWDDSLRGWVF",7
"1781","CQQYYSRPYTF",7
"1782","CQQYENLPYTF",7
"1783","CQQFNTYPLTF",7
"1784","CMQALQTVTF",7
"1785","CLQDYDYPRTF",7
"1786","CQQYDDLPFTF",7
"1787","CQQYDNLPHTF",7
"1788","CQQSYSSPTF",7
"1789","CQQRRSWPLTF",7
"1790","CQKYNNAPLTF",7
"1791","CALSGYSSASKIIF",7
"1792","CQQRTNWPPWTF",7
"1793","CAVGGATNKLIF",7
"1794","CQQANSFPPLTF",7
"1795","CAVGTGTASKLTF",7
"1796","CQQRSNWPPSTF",7
"1797","CAVQGGSEKLVF",7
"1798","CQQTYSSPLTF",7
"1799","CQHQGTF",7
"1800","CQQSYSIPITF",7
"1801","CQQYYSAPPTF",7
"1802","CAVPNSGGSNYKLTF",7
"1803","CCSYAGSNTWVF",7
"1804","CQQANNFPLTF",7
"1805","CAASGGSYIPTF",7
"1806","CQQSFSTPWTF",7
"1807","CASSLGNEQFF",7
"1808","CQQSYSFPRTF",7
"1809","CAASKAAGNKLTF",7
"1810","CGTWDSSLSAMVF",7
"1811","CAVTSGTYKYIF",7
"1812","CALWERELGKKIKVF",7
"1813","CAASGGGADGLTF",7
"1814","CAVNSGYSTLTF",7
"1815","CALNSGGSNYKLTF",7
"1816","CQQYGTLPLTF",7
"1817","CQQRSNWLF",7
"1818","CQQYKNWPPITF",7
"1819","CQQSHSTPWTF",7
"1820","CQHYGSSPPITF",7
"1821","CAVWDDSLNGVVF",7
"1822","CQQYDNLPPWTF",7
"1823","CQQYGYSPRTF",7
"1824","CQQFYSTPLTF",7
"1825","CQQYGRSPPYTF",7
"1826","CMQGAHWPRTF",7
"1827","CAAWDDSLNVWVF",7
"1828","CLQDYIYPWTF",7
"1829","CQQYGDSPLTF",7
"1830","CMQALQTRRTF",7
"1831","CAVGNQAGTALIF",7
"1832","CQQYHSTPLTF",7
"1833","CSSYAGSNNFGVF",7
"1834","CQQANSFPLF",7
"1835","CCSYAGSRVF",7
"1836","CATWDSSLSAGVF",7
"1837","CCSYAGSYVVF",7
"1838","CMQATHWPGTF",7
"1839","CQSYDSSLSGSWVF",7
"1840","CCSYAGSPWVF",7
"1841","CMQGTQFPRTF",7
"1842","CAVSSNTGKLIF",7
"1843","CQQANSLPYTF",7
"1844","CNSRDSSGNRVF",7
"1845","CQQYGSSPAF",7
"1846","CQQYGSSRVTF",7
"1847","CQQYASSPRTF",7
"1848","CQQRSNWSF",7
"1849","CSSYTSSSTRYVF",7
"1850","CQQYNIWPPYTF",7
"1851","CQQRSDWPPITF",7
"1852","CQQYNSYWRTF",7
"1853","CLLSYSGARPVF",7
"1854","CQQYGGSPVTF",7
"1855","CQQYYRTPWTF",7
"1856","CQQRSNWPPEFTF",7
"1857","CGTWDSSLSTGVF",7
"1858","CAVQDSNYQLIW",7
"1859","CAANDYKLSF",7
"1860","CQQYVSSPITF",7
"1861","CQQYDNLPRYTF",7
"1862","CQQFNNYPLTF",7
"1863","CSSFTSSSTWVF",7
"1864","CQQRSNWRYTF",7
"1865","CQQADSFPWTF",7
"1866","CQQYGGSPITF",7
"1867","CQSYDSSNHGVF",7
"1868","CQQYNSYFTWTF",7
"1869","CAAWDDSLNGRYVF",7
"1870","CSSYTSSSTVLF",7
"1871","CMQARQTPWTF",7
"1872","CAAWDDSLSGAVF",7
"1873","CQVWDSSSEHVVF",7
"1874","CMQGTRWPYTF",7
"1875","CALWEVAELGKKIKVF",7
"1876","CQQYGSSPEWTF",7
"1877","CMQALQTRFTF",7
"1878","CMQALQTALTF",7
"1879","CAVDSNYQLIW",7
"1880","CALDSNYQLIW",7
"1881","CQQYGSLPYTF",7
"1882","CHQSSSLPFTF",7
"1883","CQQYNNWPPKLTF",7
"1884","CQQFGSSPYTF",7
"1885","CQQADSFPYTF",7
"1886","CAVGDNFNKFYF",7
"1887","CMQALQTGTF",7
"1888","CALNSGGYQKVTF",7
"1889","CMQGTHWPLFTF",7
"1890","CQQYNSYPETF",7
"1891","CQQRSNWPPATF",7
"1892","CHQYGTSPWTF",7
"1893","CQQYYTTPPYTF",7
"1894","CQQYYATPLTF",7
"1895","CQQYDSFPYTF",7
"1896","CQQYGSSPAWTF",7
"1897","CQQANSFPSTF",7
"1898","CQQLNSYPPWTF",7
"1899","CQQLKSYPITF",7
"1900","CMQGLETPYTF",7
"1901","CQSYDSSSVVF",7
"1902","CGTWDSSLSDVVF",7
"1903","CSSYTSSSTPLF",7
"1904","CASSLGGNTEAFF",7
"1905","CAVDNAGNMLTF",7
"1906","CQQSYSVPLTF",7
"1907","CQQADSFPITF",7
"1908","CQAWDSSTSYVF",7
"1909","CQQRYSWPLTF",7
"1910","CCSYAGSSSYVF",7
"1911","CQSYDNSLSGSVF",7
"1912","CQQYYATPRTF",7
"1913","CGADHGSGSNFVVVF",7
"1914","CQQLNSYPPYTF",7
"1915","CLSADSSGTYVF",7
"1916","CQQYGSSPIFTF",7
"1917","CQQYNNWPLSF",7
"1918","CAVLNSGGYQKVTF",7
"1919","CHQYGSSPFTF",7
"1920","CAAMDSSYKLIF",7
"1921","CAVMDTGRRALTF",7
"1922","CAASGGSQGNLIF",7
"1923","CSSYTSSSTLEVVF",7
"1924","CQQYGAF",7
"1925","CQQRSDWPPTF",7
"1926","CQQSYSPPWTF",7
"1927","CAAGGSQGNLIF",7
"1928","CLQDYNYPQTF",7
"1929","CQQRNSWPLTF",7
"1930","CQQYGGSLWTF",7
"1931","CQQYGSSPKYTF",7
"1932","CQQYSDWPLTF",7
"1933","CQHRGTF",7
"1934","CSSYTSSSTPWVF",7
"1935","CQQYNSYSRAF",7
"1936","CQQSYRTPPTF",7
"1937","CQQRSNWPF",7
"1938","CQQRSNWPDTF",7
"1939","CAAWDDSLNGQVF",7
"1940","CQKYDSAPYTF",7
"1941","CQHYNSYSYTF",7
"1942","CSSYTRSSTYVF",7
"1943","CQQYGSSPLVTF",7
"1944","CCSYAGSYTLF",7
"1945","CSSYTSSSTLLF",7
"1946","CQQYGSSPPKYTF",7
"1947","CQQYGSSAWTF",7
"1948","CASSLAYEQYF",6
"1949","CMIWHSSAYVF",6
"1950","CQAWDNSTVVF",6
"1951","CQQYGNSPPWTF",6
"1952","CQHYGSSLWTF",6
"1953","CMQTLQTPGTF",6
"1954","CQQYYNSPRTF",6
"1955","CMQALQSPYTF",6
"1956","CQQYNNWPPELTF",6
"1957","CQQYGISPWTF",6
"1958","CQVWDSRSDHVVF",6
"1959","CQQFDNLPLTF",6
"1960","CQQRSNWPPLITF",6
"1961","CQQYYNWPPITF",6
"1962","CQQYYNIPYTF",6
"1963","CQQYNSYSRYTF",6
"1964","CQQYGNSLFTF",6
"1965","CGTWDTSLSAGVF",6
"1966","CAVGDSNYQLIW",6
"1967","CQQYDNSPRTF",6
"1968","CQQYGNSPPITF",6
"1969","CQQRSNWPTTF",6
"1970","CQQYSNWPYTF",6
"1971","CMQGLQTPTF",6
"1972","CHQSSTLPLTF",6
"1973","CQQYNTYSYTF",6
"1974","CQQYNTLYTF",6
"1975","CGTWDGSLSAGVF",6
"1976","CQVWDSSSDPVVF",6
"1977","CQVWDSSSDHGVF",6
"1978","CQQYDNLALTF",6
"1979","CQQYYSSWTF",6
"1980","CAALSYNTDKLIF",6
"1981","CSSYTSSSPWVF",6
"1982","CHQYNDWPRTF",6
"1983","CQQYDNFPYTF",6
"1984","CQVWDSSSDWVF",6
"1985","CQQRSKWPRTF",6
"1986","CQHRINWPLTF",6
"1987","CATWDGYYKKLF",6
"1988","CQQSYSTLCSF",6
"1989","CHQYNNWPQTF",6
"1990","CQQANTFPWTF",6
"1991","CQQSFRTPLTF",6
"1992","CQQSYNTPFTF",6
"1993","CQQYGSSHGTF",6
"1994","CLQYNTYPWTF",6
"1995","CQSYDSSNPVVF",6
"1996","CQQANNFPWTF",6
"1997","CQQRSNWPMCSF",6
"1998","CAVKGGSYIPTF",6
"1999","CAANTNAGKSTF",6
"2000","CAVGNTGGFKTIF",6
"2001","CQQYHTYPLTF",6
"2002","CGTWDSSLSGGVF",6
"2003","CQQYGSSLPITF",6
"2004","CQAWDSNTAVF",6
"2005","CQAWDSGTAVF",6
"2006","CQQYYGSPLTF",6
"2007","CQQYDNLLWTF",6
"2008","CQQYYSSRTF",6
"2009","CQQRSNWPPAITF",6
"2010","CQQSYSFPWTF",6
"2011","CQQYDNLPPSF",6
"2012","CQQYNHWPRTF",6
"2013","CQQYKTYPITF",6
"2014","CAATNTGNQFYF",6
"2015","CQQYNNWPPMCSF",6
"2016","CAVRGGADGLTF",6
"2017","CQQAKSFPITF",6
"2018","CMQALQSPPTF",6
"2019","CQQANSFPLAF",6
"2020","CAASSNDYKLSF",6
"2021","CHQYYSTPPTF",6
"2022","CASSPNNEQFF",6
"2023","CAGNAGGTSYGKLTF",6
"2024","CMQGTHWLWTF",6
"2025","CLQHNTYPFTF",6
"2026","CQQYYSTPLAF",6
"2027","CSSYTSSSTRVVF",6
"2028","CQQYNSYSLLTF",6
"2029","CASSPGQGNTEAFF",6
"2030","CATWDGNYYKKLF",6
"2031","CQQYNSYSSSF",6
"2032","CQQYNNRPPWTF",6
"2033","CVVNRDDKIIF",6
"2034","CALWELGKKIKVF",6
"2035","CQQYNRWPPLTF",6
"2036","CAVGSGNTGKLIF",6
"2037","CQQRSSWPPTF",6
"2038","CQQFDNLPYTF",6
"2039","CASSLGLYNEQFF",6
"2040","CSSYTISSTLVF",6
"2041","CQQRSNWPLCSF",6
"2042","CALSNFGNEKLTF",6
"2043","CQQYGNSPQTF",6
"2044","CQQYKSYSTF",6
"2045","CQQTYRTPYTF",6
"2046","CQQRSKWPITF",6
"2047","CVVNNNARLMF",6
"2048","CALWEATQELGKKIKVF",6
"2049","CATWDGPGYYKKLF",6
"2050","CQHRSNWPPTF",6
"2051","CQQYNTWPPYTF",6
"2052","CQQYGSAPRTF",6
"2053","CHQANSFPLTF",6
"2054","CQQYYSYSWTF",6
"2055","CQQYSNWPPYTF",6
"2056","CLQDHNYPWTF",6
"2057","CMQRIEFPFTF",6
"2058","CQQTYSTPHTF",6
"2059","CMQGLQIPLTF",6
"2060","CQQTYSTPITF",6
"2061","CQQRSNWPPVYTF",6
"2062","CQQYYNYWTF",6
"2063","CQQYVSSPLTF",6
"2064","CQQYYSSPHTF",6
"2065","CQQYVSSPWTF",6
"2066","CQQYGSSPMTF",6
"2067","CQQYSTSPLTF",6
"2068","CQQYDSFPLTF",6
"2069","CQQYNSYSATF",6
"2070","CQQYYSSPVTF",6
"2071","CQHYGSSPPWTF",6
"2072","CQQYYSTLPLTF",6
"2073","CQQYYSSYTF",6
"2074","CATWDGRGSDWIKTF",6
"2075","CAGPSGGSNYKLTF",6
"2076","CQQYETYPLTF",6
"2077","CQQYDNLPRLTF",6
"2078","CQQSYDTPYTF",6
"2079","CQQYDNLPLYTF",6
"2080","CQQGNSFPPTF",6
"2081","CQQRANWPPITF",6
"2082","CQQSYSVPRTF",6
"2083","CQQYYSTPCTF",6
"2084","CQQYGSSPLMYTF",6
"2085","CQQYYTTPHTF",6
"2086","CQQYGISPYTF",6
"2087","CQQYGASPLTF",6
"2088","CQQYHSSPWTF",6
"2089","CCSYAGSYTGVF",6
"2090","CAVQTGANNLFF",6
"2091","CHQYYTTPRTF",6
"2092","CAVRMDSSYKLIF",6
"2093","CAADNTDKLIF",6
"2094","CQQYDNLPAF",6
"2095","CSSYTSSSTLRVF",6
"2096","CLLSYSGARRVF",6
"2097","CSSYTSSSTDVF",6
"2098","CALSDSGGSNYKLTF",6
"2099","CQQRNNWPRTF",6
"2100","CAVASGGSYIPTF",6
"2101","CATDTGRRALTF",6
"2102","CQQANSFLLTF",6
"2103","CAVRSSGSARQLTF",6
"2104","CQQYNSDWTF",6
"2105","CQQYHSYPRTF",6
"2106","CQQYGSSPPSF",6
"2107","CQQSYNIPYTF",6
"2108","CQVWDSSRDHVVF",6
"2109","CQQSNSFPRTF",6
"2110","CQHFNSYPLTF",6
"2111","CQQYNAYPYTF",6
"2112","CQQYGTSPPITF",6
"2113","CAAWDDSLNGFVF",6
"2114","CQQSYRTPFTF",6
"2115","CASSLGANTGELFF",6
"2116","CAVTGNQFYF",6
"2117","CAAWDDSLNGAVF",6
"2118","CQQSYSTPQYTF",6
"2119","CQQYDNLPQYTF",6
"2120","CAASTSGTYKYIF",6
"2121","CAVSSGTYKYIF",6
"2122","CMQATHWPPITF",6
"2123","CQHYDNLPLTF",6
"2124","CQQYYITPYTF",6
"2125","CQQYGNLPRTF",6
"2126","CAENSGGSNYKLTF",6
"2127","CAVRDNNARLMF",6
"2128","CQQRSIWPPITF",6
"2129","CQSYDSSLRGSVF",6
"2130","CQTWGTGTWVF",6
"2131","CQQYGTSPPLTF",6
"2132","CQQSYSTSLTF",6
"2133","CQQYNSYPCSF",6
"2134","CNSRDSSGNHGVF",6
"2135","CQQYYSTPETF",6
"2136","CQQYGSALWTF",6
"2137","CMQALQTRYTF",6
"2138","CQTWGTGFWVF",6
"2139","CQQYGSSPPCSF",6
"2140","CCSYAGSWVF",6
"2141","CLLYYGGAYVF",6
"2142","CQQYGSSPPMCSF",6
"2143","CQQYNSYSCSF",6
"2144","CQSYDSSLSGRVF",6
"2145","CQTWDTGIQVF",6
"2146","CQQSNNWPRTF",6
"2147","CMIWHSSASVF",6
"2148","CQAWGSSTVVF",6
"2149","CQQYGDSPITF",6
"2150","CLQDYTYPWTF",6
"2151","CQQTNSFPFTF",6
"2152","CQQYYNTPITF",6
"2153","CMQALQSWTF",6
"2154","CAAYTGGFKTIF",6
"2155","CASSRTDTQYF",6
"2156","CQQYYSTLALTF",6
"2157","CAVEDNARLMF",6
"2158","CQQYNNWPPGAF",6
"2159","CAVLNTGGFKTIF",6
"2160","CAVGTDKLIF",6
"2161","CSSYAGSNTYVF",6
"2162","CMQATHWPHTF",6
"2163","CQQYGSSPKWTF",6
"2164","CQAWDSSTAGVVF",6
"2165","CQKYNSAPITF",6
"2166","CAASSGNTPLVF",6
"2167","CLQDYSYPYTF",6
"2168","CQQYNNWPPTTF",6
"2169","CQQSYSTPQVTF",6
"2170","CALSSGGSNYKLTF",6
"2171","CQQRSNLITF",6
"2172","CQQRSNWPNTF",6
"2173","CQAWDSSTPVVF",6
"2174","CQQRSNWPPKYTF",6
"2175","CAPNFGNEKLTF",6
"2176","CQQYNNWTF",6
"2177","CSSYTSSSTKVF",6
"2178","CSSYAGSNIVVF",6
"2179","CQQYGGSPMYTF",6
"2180","CMQGTYWPTF",6
"2181","CLQHNSFPLTF",6
"2182","CQQSYSTRLTF",6
"2183","CQQYGNSLTF",6
"2184","CQQSFNTPYTF",6
"2185","CQQAKSFPYTF",6
"2186","CCSYAGSSTVF",6
"2187","CQQYYRYPLTF",6
"2188","CQQCNSYPWTF",6
"2189","CQSADSSGTYPVF",6
"2190","CQQRSNWSITF",6
"2191","CQQYNIYPWTF",6
"2192","CAAWDDSLSGLWVF",6
"2193","CQQYNNYPPTF",6
"2194","CAVLSYNTDKLIF",6
"2195","CQQRANWPLTF",6
"2196","CMQATQYPRTF",6
"2197","CQQYNNWGTF",6
"2198","CQQYYSTPPGTF",6
"2199","CQQTNSFPRTF",6
"2200","CQQYDSWPRTF",6
"2201","CAAWDDSLSGHVF",6
"2202","CMQATQFPVTF",6
"2203","CGTWDTSLSAVVF",6
"2204","CSSYGGSNNLVF",6
"2205","CAAWDDSLSGFYVF",6
"2206","CQQYNNWPPVYTF",6
"2207","CQSYDSSNLWVF",6
"2208","CQQYGGSPGTF",6
"2209","CQQYGNSPITF",6
"2210","CQQYENLPITF",6
"2211","CQQYYTSPFTF",6
"2212","CGTWDSSLNAVVF",6
"2213","CQQYNTWPYTF",6
"2214","CALWERQELGKKIKVF",6
"2215","CQSYDSSLVVF",6
"2216","CALWEVLQELGKKIKVF",6
"2217","CAVSSGGSYIPTF",6
"2218","CALLYSSASKIIF",6
"2219","CQQYASSPYTF",6
"2220","CQQYNNWPPKYTF",6
"2221","CQQYDSLPITF",6
"2222","CQQYFSTPITF",6
"2223","CMQGTHWPATF",6
"2224","CQKYNTAPWTF",6
"2225","CAVRDTGRRALTF",6
"2226","CQTWGTGILVF",6
"2227","CQQYDNLPYSF",6
"2228","CQQYAGSPLTF",6
"2229","CQQYYTFPLTF",6
"2230","CAVRGYSSASKIIF",6
"2231","CHQYGSSPITF",6
"2232","CQQYNNYPRTF",6
"2233","CASSLYNEQFF",6
"2234","CASSLAGEETQYF",6
"2235","CASSLGQAYEQYF",6
"2236","CAGMNYGGSQGNLIF",6
"2237","CALSYNFNKFYF",6
"2238","CQQYYNSPLTF",6
"2239","CQQYNGYPITF",6
"2240","CATWDGRYKKLF",6
"2241","CQQYFTTPYTF",6
"2242","CQQYGSSPAITF",6
"2243","CQQYSTYPLTF",6
"2244","CQQYDNSPFTF",6
"2245","CQQANTFPYTF",6
"2246","CQHYGSSPLYTF",6
"2247","CQSADSSGTYEVF",6
"2248","CQQYNTYPLSF",6
"2249","CALSGSARQLTF",6
"2250","CQQYGSSPRNTF",6
"2251","CQQYKSYSRTF",6
"2252","CALSDSGGGADGLTF",6
"2253","CALNNNARLMF",6
"2254","CQQANTFPPTF",6
"2255","CAAWDDSLSGSWVF",6
"2256","CQQYYTYPWTF",6
"2257","CQSYDSSLSGPYVF",6
"2258","CQQAHSFPRTF",6
"2259","CQQYDNLPPF",6
"2260","CHQYYSTPFTF",6
"2261","CQVWDSSSDLVVF",6
"2262","CQQYNNLPLTF",6
"2263","CQHYNNYPWTF",6
"2264","CATWDGHYKKLF",6
"2265","CQVWDSSTAVF",6
"2266","CQQCGSSPRTF",6
"2267","CCSYAGSSTLIF",6
"2268","CMQSTHWPWTF",6
"2269","CMQATQLRTF",6
"2270","CQQYNSNSWTF",6
"2271","CQQYGTSLFTF",6
"2272","CQQYYSLWTF",6
"2273","CSSYTSSTTRVF",6
"2274","CQQYYSTLPYTF",6
"2275","CSAWDTSLSAWVF",6
"2276","CQQYYNWPYTF",6
"2277","CQQSYSIPTF",6
"2278","CQQRSNWQYTF",6
"2279","CQQFGSSPLTF",6
"2280","CMQGSHWPWTF",6
"2281","CQAWDSSTSVVF",6
"2282","CQQYYGTPPTF",6
"2283","CATWDDSLNAVVF",6
"2284","CAVHGSSNTGKLIF",6
"2285","CQHYNGYPITF",6
"2286","CQQYGSSLLF",6
"2287","CQQYKNWPPYTF",6
"2288","CQQHNSYPLTF",6
"2289","CQQSYSTPQLTF",6
"2290","CQQYSSYPITF",6
"2291","CQSYDSNNHWVF",6
"2292","CQQYGNSRTF",6
"2293","CQQYHDWPPLTF",6
"2294","CSSYTSSRTLVF",6
"2295","CQQYDNLPF",6
"2296","CQQYYYTPLTF",6
"2297","CQQRTNWPPLTF",6
"2298","CSSYTSSITYVF",6
"2299","CQQYDSSPITF",6
"2300","CQQYGSSPPLFTF",6
"2301","CQQRSSWPFTF",6
"2302","CQQYHSYWTF",6
"2303","CQQYFTTPLTF",6
"2304","CQVWDTSSDHVVF",6
"2305","CALWEALQELGKKIKVF",6
"2306","CQQYNSYGYTF",6
"2307","CSSYAGSNTLVF",6
"2308","CQTWGSGIQVF",6
"2309","CQQSYSTPRGTF",6
"2310","CGTWDRSLSAGVF",6
"2311","CLQGTHWPYTF",6
"2312","CALWETELGKKIKVF",6
"2313","CALWDQELGKKIKVF",6
"2314","CMQALQTPF",6
"2315","CMQALQSPWTF",6
"2316","CQQYYSFPQTF",6
"2317","CQQYNNWPRGF",6
"2318","CAAYSGAGSYQLTF",6
"2319","CASSLGYEQYF",6
"2320","CAVRDRGSTLGRLYF",6
"2321","CMQALQPPYTF",6
"2322","CQQYGSSPPKTF",6
"2323","CQQSYGTPLTF",6
"2324","CSSYTSSTTVVF",6
"2325","CLQHNSFPWTF",6
"2326","CAVLSGGYQKVTF",6
"2327","CAVTGGSQGNLIF",6
"2328","CALWEELGKKIKVF",6
"2329","CQQYNSYAWTF",6
"2330","CATWDGPYYKKLF",6
"2331","CALKTSYDKVIF",6
"2332","CQSADSSGTYLWVF",6
"2333","CQQYNTWPRTF",6
"2334","CQQTYSVPWTF",6
"2335","CQQYNSYSRWTF",6
"2336","CMQARQTPLTF",6
"2337","CAFMDSNYQLIW",6
"2338","CCSYAGSYSVVF",6
"2339","CQQFNNWPLTF",6
"2340","CAVSGTYKYIF",6
"2341","CAVNSGGGADGLTF",6
"2342","CASSLGVNTEAFF",6
"2343","CQQYNSGWTF",6
"2344","CLQDYNYPVTF",6
"2345","CAAWDDSLNGVIF",6
"2346","CQQYNSYLITF",6
"2347","CMQTTHWPPTF",6
"2348","CQQYYGTPFTF",6
"2349","CSSYAGSNSVVF",6
"2350","CGTWDSSLSAFVF",6
"2351","CQQYYTTPTF",6
"2352","CVQATQFPRTF",6
"2353","CQQYSTSPWTF",6
"2354","CSSYTSTSTYVF",6
"2355","CQQSYSNPYTF",6
"2356","CQQRTNWPITF",6
"2357","CATWDSSLSAVVF",6
"2358","CQQYHSYSRTF",6
"2359","CQSADSSGTYLF",6
"2360","CQSYDSSLSGSIF",6
"2361","CQQSFTTPRTF",6
"2362","CMQGTHWPLLTF",6
"2363","CQQYYITPPTF",6
"2364","CQQYDDVPYTF",6
"2365","CQQRSNWPCTF",6
"2366","CQQRGNWPPLTF",6
"2367","CQQFNSYPWTF",6
"2368","CQQYGSSPPATF",6
"2369","CQAWDSSTVVVF",6
"2370","CQQCYSTPYTF",6
"2371","CQQSYSTLLFTF",6
"2372","CCSYAGSSTLF",6
"2373","CQQYNSFPITF",6
"2374","CSSYTSSSTFVVF",6
"2375","CQQYGNSFTF",6
"2376","CLLSYSGARGVF",6
"2377","CASSLGSYEQYF",6
"2378","CCSYAGSSYVF",6
"2379","CQQYGSSLALTF",6
"2380","CQQYGSLPWTF",6
"2381","CQQRKTF",6
"2382","CQQYYRSPLTF",6
"2383","CQQYSTYSRTF",6
"2384","CQAWDSTTAVF",6
"2385","CSSYTSSSIVVF",6
"2386","CLQHNGYPLTF",6
"2387","CQQRSNWPPVLTF",6
"2388","CQQYGSSPELTF",6
"2389","CQQYGASPWTF",6
"2390","CQQSYSTPAF",6
"2391","CCSYAGSGTWVF",6
"2392","CQQRSNWPIFTF",6
"2393","CQQYGSTPYTF",6
"2394","CQQYGSSPPYSF",6
"2395","CQQRSNWPRSF",6
"2396","CQQYDNYPWTF",6
"2397","CQSYDSSNPWVF",6
"2398","CMQGTHWRTF",6
"2399","CQQYYTSPYTF",6
"2400","CASSLGQGAYNEQFF",6
"2401","CQQYNSYPPAF",6
"2402","CQQRSSWLTF",6
"2403","CQVWDSSTVF",6
"2404","CNSRDSSGNHLEVF",6
"2405","CQSYDSSLGGYVF",6
"2406","CSSYAGNNNLVF",6
"2407","CQQFYSYPLTF",6
"2408","CAATDSWGKLQF",6
"2409","CASSLGGNEQFF",6
"2410","CQQSYSLPLTF",6
"2411","CQQYDTSPITF",6
"2412","CAVNYGGSQGNLIF",6
"2413","CQQYYSTSITF",6
"2414","CQQRSNWPLSF",6
"2415","CQQSYSTSFTF",6
"2416","CQTWGTGLVVF",6
"2417","CQQRSNWPRYTF",6
"2418","CQQYSSWPLTF",6
"2419","CAVSRNNNARLMF",6
"2420","CQQYNSYSPGYTF",6
"2421","CALSDRGSTLGRLYF",6
"2422","CQQYHSYSYTF",6
"2423","CQAWDSSTWVF",6
"2424","CQQYYTPPYTF",6
"2425","CQQYDKWPLTF",6
"2426","CQQYYSNPYTF",6
"2427","CQQYNNWPPSLTF",6
"2428","CQQANSFPPYTF",6
"2429","CQQYYGIPYTF",6
"2430","CQAWDSGTVVF",6
"2431","CQQYNSFSYTF",6
"2432","CMQGTQFPHTF",6
"2433","CQQYGSSGLTF",6
"2434","CQQHSNWPLTF",6
"2435","CQQSSSTPYTF",6
"2436","CQQSFSSPYTF",6
"2437","CQQYNSYSALTF",6
"2438","CQQYHNWPLTF",6
"2439","CCSYAGSFYVF",6
"2440","CQQYGDSRTF",6
"2441","CQQSYSTSTF",6
"2442","CCSYAGSTTWVF",6
"2443","CQHYNSYPITF",6
"2444","CQQYNSYCTF",6
"2445","CQQYGSSLSWTF",6
"2446","CAVPSGGYQKVTF",6
"2447","CQQLHSYPLTF",6
"2448","CCSYAGSYTLGVF",6
"2449","CQQYYSPPRTF",6
"2450","CAAWDDSLSGPNWVF",6
"2451","CQQYYSNPPTF",6
"2452","CQQSYSMPWTF",5
"2453","CQQYDNLPSTF",5
"2454","CQAWDTSTAVF",5
"2455","CQQYNSHSTF",5
"2456","CQQYNDWPFTF",5
"2457","CQQSYSTLSYTF",5
"2458","CMQALQTRALTF",5
"2459","CQQYNKWPFTF",5
"2460","CQQYDNVPPTF",5
"2461","CALWEAPQELGKKIKVF",5
"2462","CQQYGRSPPWTF",5
"2463","CQAWDSSTAIF",5
"2464","CQQHYSTPLTF",5
"2465","CMQALQTPGYTF",5
"2466","CQQYFSSPLTF",5
"2467","CQQFYSTPPTF",5
"2468","CQQASTFPLTF",5
"2469","CACDTVGGYTDKLIF",5
"2470","CALWEVMELGKKIKVF",5
"2471","CNSRDSSGNHLF",5
"2472","CHQYDNLPYTF",5
"2473","CQQYGRLPLTF",5
"2474","CQQSYNTLTF",5
"2475","CMQGTHWPLWTF",5
"2476","CAVRDTNAGKSTF",5
"2477","CMQGLQTPQTF",5
"2478","CLQYDNLPYTF",5
"2479","CQQYGSSPWSF",5
"2480","CQQYRSSPWTF",5
"2481","CQQYYSTLITF",5
"2482","CQQRSNWPPVFTF",5
"2483","CSSYAGSNKLVF",5
"2484","CQSYDSSLSGFWVF",5
"2485","CQQYNAYPITF",5
"2486","CQQYYGTPQTF",5
"2487","CMQALQSLTF",5
"2488","CQQRSNWSWTF",5
"2489","CQQYNDWWTF",5
"2490","CMHALQTPITF",5
"2491","CQQYNSYSPGTF",5
"2492","CQQYYNIPLTF",5
"2493","CQQSYSPPRTF",5
"2494","CAAVDSNYQLIW",5
"2495","CQQYYDWPLTF",5
"2496","CQQASSFPFTF",5
"2497","CQQTYTTPWTF",5
"2498","CALWEVGLGKKIKVF",5
"2499","CATWDTTGWFKIF",5
"2500","CQQYHSTPYTF",5
"2501","CQQYSNSPRTF",5
"2502","CQQRSNWLALTF",5
"2503","CCSYAGSYTLLF",5
"2504","CQQYNDWPPTF",5
"2505","CETWDSNTWVF",5
"2506","CQQYGGSPPLTF",5
"2507","CQQRSNGPPITF",5
"2508","CQQYNSYCSF",5
"2509","CMQGTHWPNTF",5
"2510","CQQSYSTPTTF",5
"2511","CMQVLQTPITF",5
"2512","CLQDYNFPWTF",5
"2513","CMQGTHWPSTF",5
"2514","CQSYDSRLSGYVF",5
"2515","CQQYNNWPPYSF",5
"2516","CMQPLQTPRTF",5
"2517","CQQYGRSLWTF",5
"2518","CQQRSNWPPSFTF",5
"2519","CQQYYDTPQTF",5
"2520","CGTWDSSLRAVVF",5
"2521","CGAWDSSLSAGVF",5
"2522","CQQYFSIPLTF",5
"2523","CQQYSSTPLTF",5
"2524","CQQYSSYSRTF",5
"2525","CHQYGNSPRTF",5
"2526","CQQYNSYGWTF",5
"2527","CQQSSSTPWTF",5
"2528","CALDNFNKFYF",5
"2529","CAVSPNFGNEKLTF",5
"2530","CQQYNRYWTF",5
"2531","CQHYNNWPITF",5
"2532","CQQYYSYPLLTF",5
"2533","CQQYDNLLALTF",5
"2534","CMQGTHWPF",5
"2535","CQQRSNWPSYTF",5
"2536","CAAWDDSLNGFWVF",5
"2537","CQQRTNWLTF",5
"2538","CMQALQTPNSF",5
"2539","CMQALQARTF",5
"2540","CMQALQTPPNF",5
"2541","CNSYTSSSTWVF",5
"2542","CQSYDSSLSGSTVF",5
"2543","CQQYNNWPQWTF",5
"2544","CVLYMGNGIWVF",5
"2545","CQQRSNWPPAYTF",5
"2546","CALDGTGGFKTIF",5
"2547","CALTQGGSEKLVF",5
"2548","CQQRSNWPPMCSF",5
"2549","CQSYDTSLSGWVF",5
"2550","CQSADSSGTLWVF",5
"2551","CQQYKTYSWTF",5
"2552","CASSDRDTGELFF",5
"2553","CAANFGNEKLTF",5
"2554","CQQYGSSFLTF",5
"2555","CQQRSNWPPCSF",5
"2556","CATWDKKLF",5
"2557","CQHYGSSPTF",5
"2558","CQQYDNLPLSF",5
"2559","CLQHNTYPPTF",5
"2560","CMQALQTPPMYTF",5
"2561","CLLSYGGPRVF",5
"2562","CALYSSASKIIF",5
"2563","CHQYNNWPRTF",5
"2564","CQQRSAWPLTF",5
"2565","CALWEVPQELGKKIKVF",5
"2566","CQQYGSSQITF",5
"2567","CHQYNNWPPTF",5
"2568","CQQYNNWPQITF",5
"2569","CMQVLQTPLTF",5
"2570","CNSRDSSGNLWVF",5
"2571","CMQALQTTF",5
"2572","CQQYNNWLALTF",5
"2573","CMQSLQLPLTF",5
"2574","CATWDLYYKKLF",5
"2575","CQHYNNWPGTF",5
"2576","CQQYGASPYTF",5
"2577","CMQALQAPWTF",5
"2578","CQQYSTYSTF",5
"2579","CMQALHTPWTF",5
"2580","CQQSYSSLWTF",5
"2581","CQQYDSLPRTF",5
"2582","CQQYDTYSYTF",5
"2583","CQQRNNWPPLTF",5
"2584","CQQTYSIPYTF",5
"2585","CQQYNNWPPIFTF",5
"2586","CQQYDNVPITF",5
"2587","CQQTYSSPYTF",5
"2588","CALWEVYYKKLF",5
"2589","CQQRSNWPPRTF",5
"2590","CMIWHNSAWVF",5
"2591","CMQAVQTPYTF",5
"2592","CQSYDSSLSGSHVVF",5
"2593","CGTWDSSLSTVVF",5
"2594","CAVTTSGTYKYIF",5
"2595","CAVRGNNARLMF",5
"2596","CSSYTTSSTVVF",5
"2597","CAVGASGGSYIPTF",5
"2598","CQTWGTGPWVF",5
"2599","CQQSYSIPPTF",5
"2600","CQQYGSSQLTF",5
"2601","CQHYGGSPLYTF",5
"2602","CAVTSGSARQLTF",5
"2603","CQQYGRSPQTF",5
"2604","CQQYGSSGYTF",5
"2605","CQQYYITPWTF",5
"2606","CCSYAGTYVF",5
"2607","CQQYGGSYTF",5
"2608","CQQSYSTLGITF",5
"2609","CMQGTHWPYAF",5
"2610","CQVWDSSSDPWVF",5
"2611","CQQYNYWPPLTF",5
"2612","CQQYESLPLTF",5
"2613","CQQLNNYPLTF",5
"2614","CQKYDSVPLTF",5
"2615","CQVWDSSSDPYVF",5
"2616","CQVWDSGSDHYVF",5
"2617","CMQALQTQLTF",5
"2618","CQQSYSTLVTF",5
"2619","CQQSYSTVLTF",5
"2620","CQQSYSAPFTF",5
"2621","CQQYYATPYTF",5
"2622","CQQYGSSPPGLTF",5
"2623","CQQRSNWAITF",5
"2624","CMQALQTPPNTF",5
"2625","CQQYGRSPPVTF",5
"2626","CQQYDKWPRTF",5
"2627","CQQYGSSWWTF",5
"2628","CQQSHTTPWTF",5
"2629","CQQYGYSPYTF",5
"2630","CASSSTDTQYF",5
"2631","CQQYNSDPYTF",5
"2632","CQQYNRYPLTF",5
"2633","CYSTDSSGNQRVF",5
"2634","CQQVNSYPITF",5
"2635","CAAWDDSLNVYVF",5
"2636","CAGQGAQKLVF",5
"2637","CQQYYSTLSWTF",5
"2638","CAVKGNTPLVF",5
"2639","CQQSHSTPPTF",5
"2640","CMQALQSPTF",5
"2641","CQSADSSGTYLVF",5
"2642","CALSDTGGFKTIF",5
"2643","CAAWDDSLNGLVVF",5
"2644","CQQYNNWPPPFTF",5
"2645","CLQHDSYPYTF",5
"2646","CASSPGLNTEAFF",5
"2647","CQQRSNWPPEVTF",5
"2648","CASSLGQGNTGELFF",5
"2649","CQQYYSTPRLTF",5
"2650","CAVILTGGGNKLTF",5
"2651","CQQYNNWPPEGTF",5
"2652","CQQRSNWRITF",5
"2653","CQQSYSAPLSF",5
"2654","CQQYNDYPLTF",5
"2655","CAVNAGNNRKLIW",5
"2656","CAVLSGGYNKLIF",5
"2657","CQQYDSYPVTF",5
"2658","CQQYYSTPSYTF",5
"2659","CASSYNEQFF",5
"2660","CCSYAGSSTF",5
"2661","CMQGTHSWTF",5
"2662","CQQYDSWPLTF",5
"2663","CYSAADNNRVF",5
"2664","CQQRSSWPYTF",5
"2665","CQQLNSYPPLTF",5
"2666","CASSFYNEQFF",5
"2667","CHQYGSSPQTF",5
"2668","CQSYDNSLSGWVF",5
"2669","CATWGYYKKLF",5
"2670","CAVRDNYGQNFVF",5
"2671","CQQYYGTPTF",5
"2672","CQQRRGTF",5
"2673","CYSTDSSGNHRRVF",5
"2674","CQQRSNWSLTF",5
"2675","CNSRDSSGNHPVF",5
"2676","CMQALQTMYTF",5
"2677","CQSADSSGTLVVF",5
"2678","CQQYYSTPLFTF",5
"2679","CQQYDSYYTF",5
"2680","CCSYAGSYTRVF",5
"2681","CQQSYSTLGYTF",5
"2682","CQQRSNWRLTF",5
"2683","CQQAHSFPYTF",5
"2684","CAAWDDSLSGLYVF",5
"2685","CQTWGTGSWVF",5
"2686","CALRMDSSYKLIF",5
"2687","CASSLGLNTEAFF",5
"2688","CAAWDKKLF",5
"2689","CAAWDDSLHGVVF",5
"2690","CQQYYNIPFTF",5
"2691","CQHHRTF",5
"2692","CAVSGGYQKVTF",5
"2693","CQQSFSSPWTF",5
"2694","CQQYFSTPWTF",5
"2695","CAAWDDSLNGPWVF",5
"2696","CAAWDDSLSGHWVF",5
"2697","CAASGGYQKVTF",5
"2698","CALRGGGADGLTF",5
"2699","CQQYGSSRAF",5
"2700","CATDDYKLSF",5
"2701","CQQYDNLLPLTF",5
"2702","CCSYAGSYTYVVF",5
"2703","CQQYDNLWTF",5
"2704","CQQYYSYPPITF",5
"2705","CQQYNNWPPGFTF",5
"2706","CASSPQGSYNEQFF",5
"2707","CAVSGGYNKLIF",5
"2708","CAENTGNQFYF",5
"2709","CQQANSFPGTF",5
"2710","CQQYDKWPPLTF",5
"2711","CSSYRSSSTLVF",5
"2712","CQQYNSYSAF",5
"2713","CAASGTYKYIF",5
"2714","CQQYNSF",5
"2715","CAASSGGSYIPTF",5
"2716","CSSYTSSITVVF",5
"2717","CMQALQTHTF",5
"2718","CCSYAGSSTLWVF",5
"2719","CQQHNSYPYTF",5
"2720","CLLYYGGAQPWVF",5
"2721","CAAWDDSLNGLLF",5
"2722","CQQRSNWPSSF",5
"2723","CLQDYTYPLTF",5
"2724","CAEKTGANNLFF",5
"2725","CAVRAAGNKLTF",5
"2726","CQQANSFPRSF",5
"2727","CACDTLLGDTDKLIF",5
"2728","CAATGTASKLTF",5
"2729","CQSADSSGTVF",5
"2730","CQQYYNFPYTF",5
"2731","CQQRSTWPITF",5
"2732","CQHYGSSPPYTF",5
"2733","CAALGGSNYKLTF",5
"2734","CQQYKTYWTF",5
"2735","CQQYSNSPWTF",5
"2736","CQQTNSFPWTF",5
"2737","CQSYDSSLRGYVF",5
"2738","CQQYGSSPMYSF",5
"2739","CQQYGDSPPYTF",5
"2740","CQQYNNYPITF",5
"2741","CHQSSSFPWTF",5
"2742","CHQRSNWPLTF",5
"2743","CSSYAGNNNYVF",5
"2744","CQQYNNWPPGITF",5
"2745","CQQYYTSPWTF",5
"2746","CQQYDNLLSF",5
"2747","CQQSYSLPFTF",5
"2748","CMQGAHWPLTF",5
"2749","CALWDAQELGKKIKVF",5
"2750","CQQYYSTLMYTF",5
"2751","CLQHSSYPLTF",5
"2752","CQQYNTFPWTF",5
"2753","CQQANRFPLTF",5
"2754","CQKYNRAPLTF",5
"2755","CAVRNNARLMF",5
"2756","CQQYGGSSYTF",5
"2757","CQQYDTFPLTF",5
"2758","CQAWDSSHVVF",5
"2759","CAAWDDSLSGPYVF",5
"2760","CMQATEFPRTF",5
"2761","CATWDDSLSGPVF",5
"2762","CAVRGSSNTGKLIF",5
"2763","CNSRDSSGNLLVF",5
"2764","CAVRPNQAGTALIF",5
"2765","CQQSSSTPFTF",5
"2766","CQHYGSSPLFTF",5
"2767","CMQRIEFPSTF",5
"2768","CASSLSSYEQYF",5
"2769","CAVPSGNTPLVF",5
"2770","CAVAYSGAGSYQLTF",5
"2771","CQQTNTFPLTF",5
"2772","CQQYDNWPPFTF",5
"2773","CMQALQTPRFTF",5
"2774","CAVKTSYDKVIF",5
"2775","CCSYAGSSTPWVF",5
"2776","CAVLNQAGTALIF",5
"2777","CQQANNFPRTF",5
"2778","CQQYNNWVTF",5
"2779","CALSGYNFNKFYF",5
"2780","CQQYGGSPSTF",5
"2781","CQQSYTSPWTF",5
"2782","CMQGIHWPWTF",5
"2783","CQQYYNLPWTF",5
"2784","CQQYGTSFTF",5
"2785","CCSYAGSNTLVF",5
"2786","CAAWDDSLSGFWVF",5
"2787","CATWDRPYYKKLF",5
"2788","CAATGNQFYF",5
"2789","CQQYNNWPPLITF",5
"2790","CQSYDSSLSGDVVF",5
"2791","CALMDSSYKLIF",5
"2792","CQQYFGTPLTF",5
"2793","CAVRDSDYKLSF",5
"2794","CALRNTGGFKTIF",5
"2795","CMQALQTPALTF",5
"2796","CAASYSSASKIIF",5
"2797","CQQRNNWLTF",5
"2798","CAVRDSSYKLIF",5
"2799","CQQYNNWPHTF",5
"2800","CQAWDSNTVIF",5
"2801","CQQTYSPPRTF",5
"2802","CAAGGSYIPTF",5
"2803","CAASAQGGSEKLVF",5
"2804","CQQYDRSPLTF",5
"2805","CQQYNNFPYTF",5
"2806","CQQSFSTPPTF",5
"2807","CQAWDSNSVVF",5
"2808","CHQYGTSPYTF",5
"2809","CQQSDNLPYTF",5
"2810","CAVYGGATNKLIF",5
"2811","CALSTGGGNKLTF",5
"2812","CQQYYSNPITF",5
"2813","CQQLDSYPLTF",5
"2814","CAVRDNARLMF",5
"2815","CQQGYSTPWTF",5
"2816","CQQYNKWPWTF",5
"2817","CAAWDDSLSVVVF",5
"2818","CMQGTHWPPF",5
"2819","CMQALQTPPGF",5
"2820","CQQSYSSLYTF",5
"2821","CLLSYGGARVF",5
"2822","CQQRSNWPPAFTF",5
"2823","CSLYTSSSTYVF",5
"2824","CQQYHSYPPTF",5
"2825","CAGGGSQGNLIF",5
"2826","CMQATQFRTF",5
"2827","CQQYDTSPYTF",5
"2828","CALASGGSYIPTF",5
"2829","CSSYTSSRVVF",5
"2830","STPYTF",5
"2831","CMQGLQTFTF",5
"2832","CLLYYGGAQLGVF",5
"2833","CQQYGNSPTWTF",5
"2834","CAVNSGNTPLVF",5
"2835","CMQALQIRTF",5
"2836","CVVNDYKLSF",5
"2837","CQKYNSALWTF",5
"2838","CAVGFSDGQKLLF",5
"2839","CQQYSTYWTF",5
"2840","CQQSYSALWTF",5
"2841","CQQYDHLPLTF",5
"2842","CLQHNSYPSLTF",5
"2843","CQHYDSYPYTF",5
"2844","CQQRSNLYTF",5
"2845","CQQTYSTPTF",5
"2846","CQQYNGYPYTF",5
"2847","CMQALQSFTF",5
"2848","CMQTLQTPQTF",5
"2849","CMQSTHWPYTF",5
"2850","CQQTYSPPLTF",5
"2851","CQQYNIYPYTF",5
"2852","CQQYYATPFTF",5
"2853","CQSTDSSGTYVVF",5
"2854","CQQYVSSPRTF",5
"2855","CQLYGSSPLYTF",5
"2856","CQQYGRSPPLTF",5
"2857","CQQYNDWPGTF",5
"2858","CQQRRDWPITF",5
"2859","CQQYGGSPPITF",5
"2860","CQQYVSSPTF",5
"2861","CQQYGGSPPFTF",5
"2862","CASWDDSLNGYVF",5
"2863","CAAWDDSLSGVIF",5
"2864","CASWDDSLNGWVF",5
"2865","CQQYNSWPPWTF",5
"2866","CQQYYSNPRTF",5
"2867","CQQRSLWPLTF",5
"2868","CQAWDRNTVVF",5
"2869","CQQRTSWPLTF",5
"2870","CQQYGFSPLTF",5
"2871","CQQYDSLPVTF",5
"2872","CMQGTHWPDTF",5
"2873","CLQHNIYPWTF",5
"2874","CQQYDNYPLTF",5
"2875","CAGSSNTGKLIF",5
"2876","CQHRRNWPLTF",5
"2877","CSSYTSSSTLHVVF",5
"2878","CASSLEGNQPQHF",5
"2879","CMQSIQLPPITF",5
"2880","CLLYYGGAQGVF",5
"2881","CLQYNTYPRTF",5
"2882","CMQGSHWPLTF",5
"2883","CATSRTFDYW",5
"2884","CMQATRFPYTF",5
"2885","CAGMDSSYKLIF",5
"2886","CQLYGSSLTF",5
"2887","CAAWDDSLSGPWVF",5
"2888","CMQALQTPTWTF",5
"2889","CQQYYDTPWTF",5
"2890","CAASGNTPLVF",5
"2891","CAGGTSYGKLTF",5
"2892","CAVKGSGNTGKLIF",5
"2893","CQQYGSSTRTF",5
"2894","CSSYTSSSTLPYVF",5
"2895","CQQYSNWPPTF",5
"2896","CQQRSNWPGLTF",5
"2897","CQHRRSWPLTF",5
"2898","CQSADSSGTYPWVF",5
"2899","CALWELRELGKKIKVF",5
"2900","CQQANSYPLTF",5
"2901","CYSTDSSGNHVVF",5
"2902","CQHYNSFPYTF",5
"2903","CQQRSNWPATF",5
"2904","CLQHNTYPITF",5
"2905","CQQRSNWGTF",5
"2906","CALWAQELGKKIKVF",5
"2907","CQQYDNWPWTF",5
"2908","CVVNTGNQFYF",5
"2909","CVVKAAGNKLTF",5
"2910","CAVRGGSYIPTF",5
"2911","CQQYGSSPPHTF",5
"2912","CQAWDSSAYVF",5
"2913","CQSADSSGTYVLF",5
"2914","CQVWDSSTEVF",5
"2915","CASWDDSLSGWVF",5
"2916","CSSYTSSNTGVF",5
"2917","CQQSYNVPRTF",5
"2918","CLLYMGSGIWVF",5
"2919","CQQTYSAPLTF",5
"2920","CQHYGSSLFTF",5
"2921","CAASKGFQKLVF",5
"2922","CLQYNTYPLTF",5
"2923","CQQLNSYPLFTF",5
"2924","CQQYNSYLMYTF",5
"2925","CAVGARNNNARLMF",5
"2926","CQQYYTTPSTF",5
"2927","CQTWGSGIWVF",5
"2928","CQVWDSSSDQVVF",5
"2929","CMQALQTPPRTF",5
"2930","CQAWDSNTYVF",5
"2931","CMQGSHWPGTF",5
"2932","CALFSGGYNKLIF",5
"2933","CQQYYTSPPTF",5
"2934","CYSAADNNLGVF",5
"2935","CSSYTSSSTLIF",5
"2936","CQQYNRWPLTF",5
"2937","CAAGSSNTGKLIF",5
"2938","CLQHNDYPLTF",5
"2939","CAVGDYKLSF",5
"2940","CQQYYSTPPNTF",5
"2941","CAVNSGAGSYQLTF",5
"2942","CQQRSNLWTF",5
"2943","CALNQAGTALIF",5
"2944","CLQHNIYPRTF",5
"2945","CAARDDKIIF",5
"2946","CQQYYSYPPWTF",5
"2947","CASSLGGQETQYF",5
"2948","CQQYTTF",5
"2949","CVVNNQAGTALIF",5
"2950","CQQANTFPITF",5
"2951","CQSYDSSIVVF",5
"2952","CAGRNNNARLMF",5
"2953","CSSYTSSNTRVF",5
"2954","CAPRSNDYKLSF",5
"2955","CLQGTHWPPYTF",5
"2956","CAVSNDYKLSF",5
"2957","CQQYGRSPPITF",5
"2958","CALWEEKELGKKIKVF",5
"2959","CQSYDSSNLVVF",5
"2960","CASLDSNYQLIW",5
"2961","CASSLSTDTQYF",5
"2962","CAVSGAGSYQLTF",5
"2963","CSSYTSSSTNVF",5
"2964","CQQYNNWPPMTF",5
"2965","CMHGTHWPWTF",5
"2966","CQNYNSAPRTF",5
"2967","CQQHNNWPRTF",5
"2968","CQQSYSTRITF",5
"2969","CMQGTHWPPTWTF",5
"2970","CQQHYSTPWTF",5
"2971","CQQYNSYPSTF",5
"2972","CQQYGSSPRF",5
"2973","CAVDSGGGADGLTF",5
"2974","CAAWDDSLSGLVVF",5
"2975","CQVWDSSTDHVVF",5
"2976","CQQSYSTALTF",5
"2977","CQQFGSSPITF",5
"2978","CLQDYNYPITF",5
"2979","CQQLNTYPRTF",5
"2980","CQSADSSGTYRVVF",5
"2981","CQHYGSSPITF",5
"2982","CQQYYSIPHTF",5
"2983","CQQSYSTPGF",5
"2984","CAAWDDSLKGWVF",5
"2985","CQQYYSIPQTF",5
"2986","CQQGYSTPYTF",5
"2987","CLQGTHWPPTF",5
"2988","CQQYYTSPRTF",5
"2989","CQQRSDWPWTF",5
"2990","CQQYGSTPRTF",5
"2991","CQQYNNWPMTF",5
"2992","CAMNSGGYQKVTF",5
"2993","CLQYNSYPPTF",5
"2994","CAASNNAGNMLTF",5
"2995","CHQYNNWPPWTF",5
"2996","CQVWDSSSDHHVVF",5
"2997","CQQSYTTPGTF",5
"2998","CQAWDTSTVIF",5
"2999","CAAWDDSLHGPVF",5
"3000","CSSYTTSNTLVF",5
"3001","CQQSYSTPLVTF",5
"3002","CAAWDGSLNGWVF",5
"3003","CQSYDSSLRGVF",5
"3004","CQKYNSALRTF",5
"3005","CQQYGTSPETF",5
"3006","CQQYYNSWTF",5
"3007","CMQRLEFPLTF",5
"3008","CQQAYSFPRTF",5
"3009","CQQYNAYPLTF",5
"3010","CQQYNNWLPYTF",5
"3011","CQQRSNWPGFTF",5
"3012","CQQYGTSPLYTF",5
"3013","CQQYNNLYTF",5
"3014","CQQYYGTPITF",5
"3015","CAAWDDSLRGVF",5
"3016","CQQYNSPWTF",5
"3017","CIQGTHWPPTF",5
"3018","CSSFTSSSTLVF",5
"3019","CQAWDSSTAYVVF",5
"3020","CQQYGTSITF",5
"3021","CQQYNKWWTF",5
"3022","CSSYAGSSTWVF",5
"3023","CQAWDSSTALYVF",5
"3024","CQQFNNYPRTF",5
"3025","CQQSYNIPLTF",5
"3026","CASSLGPYEQYF",5
"3027","CQQYNSYWAF",5
"3028","CQQYDDYPLTF",5
"3029","CAVLNYGGSQGNLIF",5
"3030","CAVTSGGSYIPTF",5
"3031","CQQRNNWPGTF",5
"3032","CQQYNSYSQYTF",5
"3033","CASSLWGNEQFF",5
"3034","CQQRSDWPTF",5
"3035","CQQYYNTPPWTF",5
"3036","CLSADSSGTYVVF",5
"3037","CQQYNSYFTF",5
"3038","CSSYTSSTTWVF",5
"3039","CCSYAGSYTHVVF",5
"3040","CQQYNTYPGTF",5
"3041","CASSLAGSTEAFF",5
"3042","CQQYDRYPLTF",5
"3043","CQQYNSYFYTF",5
"3044","CASSLSGYGYTF",5
"3045","CQQYAGSPWTF",5
"3046","CQQRSNWPTLTF",5
"3047","CQQRNNWPITF",5
"3048","CASSLGRTEAFF",5
"3049","CQQSYITPITF",5
"3050","CMQVTQFPHTF",5
"3051","CAAWDDSLSVVF",5
"3052","CQQYGSSLSF",5
"3053","CQQYDNLLMYTF",5
"3054","CQVWDSSSDLYVF",5
"3055","CQQYYGTPWTF",5
"3056","CMIEHSRASHADTHRW",5
"3057","CMQDAQDPLTF",5
"3058","CQQYYITPQTF",5
"3059","CATWDGHYYKKLF",5
"3060","CQQSYTSPRTF",5
"3061","CASSSTGGNTEAFF",5
"3062","CQQYDDWPLTF",5
"3063","CQKYNSALGTF",5
"3064","CGTWDSSLRAGVF",5
"3065","CQQYGGSPKTF",5
"3066","CALSEANSGYALNF",5
"3067","CQQYNNWPPSF",5
"3068","CAASNFGNEKLTF",5
"3069","CQQSYSSPSITF",5
"3070","CAGHGSSNTGKLIF",5
"3071","CAVGGGADGLTF",5
"3072","CSSYAGSNNVIF",5
"3073","CQQYGSF",5
"3074","CMQGTHWPYSF",5
"3075","CYSTDSSGNPLF",5
"3076","CQQSYSTPMCSF",5
"3077","CMIWHNNAWVF",5
"3078","CQQRSSWWTF",5
"3079","CAVRPGGYQKVTF",5
"3080","CQQSYSSRTF",5
"3081","CQQYDSLPPTF",5
"3082","CQQSYSTPLWTF",5
"3083","CQQSYSTPQITF",5
"3084","CAVRRDDKIIF",5
"3085","CQQSYSTPPEYTF",5
"3086","CTSYTSSSTYVF",5
"3087","CAVYNTDKLIF",5
"3088","CQQSYSTLPITF",5
"3089","CAVNTGTASKLTF",5
"3090","CQQYYSTRPLTF",5
"3091","CAVRDRDYKLSF",5
"3092","CQQLNSYLLTF",5
"3093","CAVSSNDYKLSF",5
"3094","CCSYAGSSWVF",5
"3095","CQQYNSWYTF",5
"3096","CQQSYSFPYTF",5
"3097","CNSRDSSGNRVVF",5
"3098","CAVSSGGGADGLTF",5
"3099","CQQRSNWPMYTF",5
"3100","CASSRNNEQFF",5
"3101","CQQYNNWITF",5
"3102","CQQFNSYPPITF",5
"3103","CAESNDYKLSF",5
"3104","CSAWDSSLSVWVF",5
"3105","CQEYNNWPPITF",5
"3106","CAAWDDSLNVVLF",5
"3107","CGTWDSRLSAVVF",5
"3108","CQQYNNWPPSWTF",5
"3109","CQQYYSPPFTF",5
"3110","CQQSYSIPQTF",5
"3111","CQQYNNWPPCTF",5
"3112","CMQALQAPITF",5
"3113","CALGSSNTGKLIF",5
"3114","CQQSHSIPYTF",5
"3115","CQQYYSTSLTF",5
"3116","CQQYSSTPRTF",5
"3117","CQQANSFSLTF",5
"3118","CQQRASWPLTF",5
"3119","CQVWDSSSDHPGVVF",5
"3120","CQKYNSALTWTF",5
"3121","CASSLDSNYGYTF",5
"3122","CAAWDDSLSGSYVF",5
"3123","CQQYNNWPRLTF",5
"3124","CMQDLQTPYTF",5
"3125","CQQYDNLPPGYTF",5
"3126","CQQYNHYPLTF",5
"3127","CQTWGTGLWVF",5
"3128","CQQYDTYPFTF",5
"3129","CQHYNSYSGTF",5
"3130","CQQYYSTPTTF",5
"3131","CQQYGRSFTF",5
"3132","CAAWDDTLNGWVF",5
"3133","CQQYNRYPITF",5
"3134","CQQYANSPRTF",5
"3135","CCSYAGSHVVF",5
"3136","CQQYNTYLWTF",5
"3137","CAGRYSSASKIIF",5
"3138","CAVEGSSNTGKLIF",5
"3139","CLQDYIYPYTF",5
"3140","CAASNDYKLSF",5
"3141","CALETSGSRLTF",5
"3142","CQQYSSYSWTF",5
"3143","CQQYGSSPGAF",5
"3144","CQQYNSYVYTF",5
"3145","CALSDQGAQKLVF",5
"3146","CAVNSNSGYALNF",5
"3147","CALNRDDKIIF",5
"3148","CATWDGPHYKKLF",5
"3149","CQQYSSFPLTF",5
"3150","CQQYNSYSGSF",5
"3151","CQQYNSYHTF",5
"3152","CALSPYSSASKIIF",5
"3153","CMQGTHWITF",5
"3154","CQQSYSTPPETF",5
"3155","CAVGNNNARLMF",5
"3156","CASSIYNEQFF",5
"3157","CQQYNSSPTF",5
"3158","CLQHNSYSWTF",5
"3159","CMQGAHWPYTF",5
"3160","CQQYHTYPWTF",5
"3161","CQQYNTWPTF",5
"3162","CQQLNSYPLF",5
"3163","CQQLNSYLTF",5
"3164","CMQALQTLSITF",5
"3165","CHQSSSFPITF",5
"3166","CMQALQTPPVTF",5
"3167","CQQYNNWPPAWTF",5
"3168","CASTSGTYKYIF",5
"3169","CQQYGSPF",5
"3170","CAVEDNNARLMF",5
"3171","CQQYHNWWTF",5
"3172","CQQSYTAPRTF",5
"3173","CQQRYNWPITF",5
"3174","CSAWDSSLSAQVF",5
"3175","CQQRNNWPPWTF",5
"3176","CARNNNARLMF",5
"3177","CASSLGGGSYNEQFF",5
"3178","CALWEVVELGKKIKVF",5
"3179","CQQYNSYSPVTF",5
"3180","CQQFNSFPLTF",5
"3181","CAAWDDSLNGSYVF",5
"3182","CQQRSNWPLSITF",5
"3183","CQQSYSTPSYTF",5
"3184","CCSYAGSYSFVF",5
"3185","CQQRGNWPPYTF",5
"3186","CAARGSTLGRLYF",5
"3187","CQQYNRYSTF",5
"3188","CQSYDSSTWVF",5
"3189","CAAWDDSLSGLF",5
"3190","CQQGKSFPLTF",5
"3191","CMQGRHWPYTF",5
"3192","CLQHNTFPLTF",5
"3193","CQAWDSSTGGVF",5
"3194","CALWEVTELGKKIKVF",5
"3195","CQQYGSLPITF",5
"3196","CQQYGSSAITF",5
"3197","CSSYTSISTWVF",5
"3198","CASSLGVNEQFF",5
